text,departure,destination
Partir de Vigeville pour Sainte-Florine.,Vigeville,Sainte-Florine
Je voudrais me rendre à Marbaix depuis Wavrille.,Wavrille,Marbaix
Partir de Cornillon-sur-l'Oule pour Bézouotte.,Cornillon-sur-l'Oule,Bézouotte
Partir de La Chapelle-en-Vercors pour Larnat.,La Chapelle-en-Vercors,Larnat
Je souhaite voyager de Arlos vers Le Meillard.,Arlos,Le Meillard
Partir de Blesle pour Besse.,Blesle,Besse
Voyager de Cormes à Colroy-la-Roche est prévu.,Cormes,Colroy-la-Roche
Je veux aller de Saint-Pierre-de-l'Isle à Les Moussières.,Saint-Pierre-de-l'Isle,Les Moussières
Je souhaite voyager de Les Herbiers vers Comines.,Les Herbiers,Comines
Je veux aller de Munchhouse à Levoncourt.,Munchhouse,Levoncourt
Je voudrais me rendre à Ueberstrass depuis Cloué.,Cloué,Ueberstrass
Je veux aller de Albon-d'Ardèche à Saint-Geours-de-Maremne.,Albon-d'Ardèche,Saint-Geours-de-Maremne
Je veux aller de Taulé à La Bazouge-des-Alleux.,Taulé,La Bazouge-des-Alleux
Partir de Brutelles pour Quéant.,Brutelles,Quéant
Partir de Vaas pour Auxelles-Bas.,Vaas,Auxelles-Bas
Je voudrais me rendre à Les Damps depuis Le Pin.,Le Pin,Les Damps
Voyager de Saint-Folquin à Saint-Silvain-Bellegarde est prévu.,Saint-Folquin,Saint-Silvain-Bellegarde
Prévois un trajet de Isle-Aumont à Allonnes.,Isle-Aumont,Allonnes
Je vais me déplacer de Verneuil-sous-Coucy à Eywiller.,Verneuil-sous-Coucy,Eywiller
Voyager de Laprugne à Asnelles est prévu.,Laprugne,Asnelles
Partir de Le Fleix pour Choisey.,Le Fleix,Choisey
Prévois un trajet de Brioude à Dagny-Lambercy.,Brioude,Dagny-Lambercy
Partir de Plan-de-Baix pour Saint-Just-de-Claix.,Plan-de-Baix,Saint-Just-de-Claix
Partir de Vieillevigne pour La Jemaye-Ponteyraud.,Vieillevigne,La Jemaye-Ponteyraud
Je dois aller de Peyrignac à Arenthon.,Peyrignac,Arenthon
Voyager de Saint-Vincent-de-Pertignas à Tomblaine est prévu.,Saint-Vincent-de-Pertignas,Tomblaine
Voyager de Villeneuve à Vaison-la-Romaine est prévu.,Villeneuve,Vaison-la-Romaine
Je voudrais me rendre à Charenton-le-Pont depuis Saint-Marien.,Saint-Marien,Charenton-le-Pont
Partir de Pouldreuzic pour Trayes.,Pouldreuzic,Trayes
Voyager de Montigny à Mesnil-Sellières est prévu.,Montigny,Mesnil-Sellières
Partir de Bréhand pour Steinbach.,Bréhand,Steinbach
Je voudrais me rendre à Bédeille depuis Solaro.,Solaro,Bédeille
Je voudrais me rendre à Véronne depuis Saint-Gourgon.,Saint-Gourgon,Véronne
Je voudrais me rendre à Sigournais depuis Béthencourt.,Béthencourt,Sigournais
Je veux aller de Aubertin à Comps.,Aubertin,Comps
Je vais me déplacer de Val de Livre à Huillé-Lézigné.,Val de Livre,Huillé-Lézigné
Je vais me déplacer de Charentonnay à Valavoire.,Charentonnay,Valavoire
Prévois un trajet de Saint-Ganton à Montigny.,Saint-Ganton,Montigny
Je veux aller de Thaon à Casteljaloux.,Thaon,Casteljaloux
Prévois un trajet de Montbrun-Bocage à Bonnevaux.,Montbrun-Bocage,Bonnevaux
Je vais me déplacer de Lapège à La Saussaye.,Lapège,La Saussaye
Partir de Laizy pour Saint-Geniès-de-Fontedit.,Laizy,Saint-Geniès-de-Fontedit
Je dois aller de Bonac-Irazein à Bessay-sur-Allier.,Bonac-Irazein,Bessay-sur-Allier
Je voudrais me rendre à Pournoy-la-Grasse depuis Neuviller-sur-Moselle.,Neuviller-sur-Moselle,Pournoy-la-Grasse
Prévois un trajet de Gondrecourt-le-Château à Savonnières-devant-Bar.,Gondrecourt-le-Château,Savonnières-devant-Bar
Je dois aller de Barrettali à Marsais.,Barrettali,Marsais
Partir de Barisis-aux-Bois pour Villedieu-lès-Bailleul.,Barisis-aux-Bois,Villedieu-lès-Bailleul
Je veux aller de Marcollin à Dissay.,Marcollin,Dissay
Je souhaite voyager de Rosnay vers Oytier-Saint-Oblas.,Rosnay,Oytier-Saint-Oblas
Je voudrais me rendre à Vitrai-sous-Laigle depuis La Gaubretière.,La Gaubretière,Vitrai-sous-Laigle
Prévois un trajet de Jarnages à Vic-de-Chassenay.,Jarnages,Vic-de-Chassenay
Voyager de Bezonvaux à Villers-la-Faye est prévu.,Bezonvaux,Villers-la-Faye
Voyager de Temple-Laguyon à Domène est prévu.,Temple-Laguyon,Domène
Partir de Caudiès-de-Conflent pour Le Mémont.,Caudiès-de-Conflent,Le Mémont
Je souhaite voyager de Duras vers Saint-Paul-de-Tartas.,Duras,Saint-Paul-de-Tartas
Prévois un trajet de Lanfroicourt à Montferrand-le-Château.,Lanfroicourt,Montferrand-le-Château
Prévois un trajet de Mazoires à Peyriac-de-Mer.,Mazoires,Peyriac-de-Mer
Je souhaite voyager de Pajay vers Le Chalange.,Pajay,Le Chalange
Je veux aller de Batilly-en-Puisaye à Gommegnies.,Batilly-en-Puisaye,Gommegnies
Je voudrais me rendre à Saint-Pierre-la-Bourlhonne depuis Saint-Couat-du-Razès.,Saint-Couat-du-Razès,Saint-Pierre-la-Bourlhonne
Je voudrais me rendre à Villebout depuis Murs.,Murs,Villebout
Prévois un trajet de Autrécourt-sur-Aire à Plerguer.,Autrécourt-sur-Aire,Plerguer
Prévois un trajet de Viuz-la-Chiésaz à Bazancourt.,Viuz-la-Chiésaz,Bazancourt
Je souhaite voyager de Semondans vers Paissy.,Semondans,Paissy
Je vais me déplacer de Rully à Ouroux-sur-Saône.,Rully,Ouroux-sur-Saône
Prévois un trajet de Cazalis à Alex.,Cazalis,Alex
Je souhaite voyager de Lamoura vers Monchaux-sur-Écaillon.,Lamoura,Monchaux-sur-Écaillon
Je vais me déplacer de Serqueux à Étampes-sur-Marne.,Serqueux,Étampes-sur-Marne
Je veux aller de Thiennes à Val-du-Faby.,Thiennes,Val-du-Faby
Je souhaite voyager de Void-Vacon vers Lalande-de-Pomerol.,Void-Vacon,Lalande-de-Pomerol
Je vais me déplacer de Plainfaing à Rodern.,Plainfaing,Rodern
Je vais me déplacer de Bry-sur-Marne à Vogelgrun.,Bry-sur-Marne,Vogelgrun
Je voudrais me rendre à Pougy depuis La Mazière-aux-Bons-Hommes.,La Mazière-aux-Bons-Hommes,Pougy
Je voudrais me rendre à Le Brévedent depuis Bantouzelle.,Bantouzelle,Le Brévedent
Je voudrais me rendre à Mackwiller depuis Saint-Martin-le-Nœud.,Saint-Martin-le-Nœud,Mackwiller
Je voudrais me rendre à Loupfougères depuis Aibes.,Aibes,Loupfougères
Je voudrais me rendre à Villacerf depuis Loches.,Loches,Villacerf
Je vais me déplacer de Ville-Langy à Bargny.,Ville-Langy,Bargny
Je souhaite voyager de Huilliécourt vers Biencourt-sur-Orge.,Huilliécourt,Biencourt-sur-Orge
Je veux aller de Meistratzheim à Guichen.,Meistratzheim,Guichen
Je souhaite voyager de Avrigney-Virey vers Saint-Rémy-de-Blot.,Avrigney-Virey,Saint-Rémy-de-Blot
Je veux aller de Saint-Prix à Camiran.,Saint-Prix,Camiran
Je souhaite voyager de Dorat vers Grundviller.,Dorat,Grundviller
Je veux aller de Ézy-sur-Eure à Salornay-sur-Guye.,Ézy-sur-Eure,Salornay-sur-Guye
Voyager de Saint-Éloi à Mayronnes est prévu.,Saint-Éloi,Mayronnes
Partir de Allier pour Le Thillay.,Allier,Le Thillay
Partir de Rainvillers pour Viella.,Rainvillers,Viella
Partir de Méneslies pour Sury-en-Vaux.,Méneslies,Sury-en-Vaux
Prévois un trajet de Dortan à Dommartin-le-Franc.,Dortan,Dommartin-le-Franc
Voyager de Huriel à Bouillonville est prévu.,Huriel,Bouillonville
Prévois un trajet de Vogüé à Rouilly.,Vogüé,Rouilly
Je veux aller de Marquay à Salazac.,Marquay,Salazac
Je vais me déplacer de Fourches à Salles.,Fourches,Salles
Je veux aller de Saint-Waast à Marsac.,Saint-Waast,Marsac
Je veux aller de Saint-Pierre-Canivet à Mézilles.,Saint-Pierre-Canivet,Mézilles
Voyager de Juvrecourt à Sillé-le-Guillaume est prévu.,Juvrecourt,Sillé-le-Guillaume
Je voudrais me rendre à Escot depuis La Capelle-Bonance.,La Capelle-Bonance,Escot
Je voudrais me rendre à Ercé-près-Liffré depuis Lestards.,Lestards,Ercé-près-Liffré
Je souhaite voyager de Amagney vers Guyonvelle.,Amagney,Guyonvelle
Prévois un trajet de Nitry à Le Lion-d'Angers.,Nitry,Le Lion-d'Angers
Prévois un trajet de Hénin-sur-Cojeul à Artas.,Hénin-sur-Cojeul,Artas
Je voudrais me rendre à Montireau depuis Riverie.,Riverie,Montireau
Je souhaite voyager de Parfondeval vers Riville.,Parfondeval,Riville
Je souhaite voyager de Pressagny-l'Orgueilleux vers Alban.,Pressagny-l'Orgueilleux,Alban
Je souhaite voyager de Lalinde vers Dossenheim-Kochersberg.,Lalinde,Dossenheim-Kochersberg
Je voudrais me rendre à Salvezines depuis Gaujac.,Gaujac,Salvezines
Je dois aller de Saint-Aubin-sur-Gaillon à Presle.,Saint-Aubin-sur-Gaillon,Presle
Je dois aller de La Chaussée-sur-Marne à Gresswiller.,La Chaussée-sur-Marne,Gresswiller
Je vais me déplacer de Omerville à Phalsbourg.,Omerville,Phalsbourg
Je souhaite voyager de Jours-lès-Baigneux vers Fénétrange.,Jours-lès-Baigneux,Fénétrange
Prévois un trajet de Celles-sur-Plaine à Peyruis.,Celles-sur-Plaine,Peyruis
Je souhaite voyager de Urbès vers Vaupoisson.,Urbès,Vaupoisson
Prévois un trajet de Janaillat à Bulles.,Janaillat,Bulles
Je dois aller de Thonne-les-Près à Rambluzin-et-Benoite-Vaux.,Thonne-les-Près,Rambluzin-et-Benoite-Vaux
Voyager de Ferrières-les-Bois à Fleurines est prévu.,Ferrières-les-Bois,Fleurines
Partir de Cliousclat pour Estevelles.,Cliousclat,Estevelles
Je vais me déplacer de Pleumeleuc à Montaud.,Pleumeleuc,Montaud
Prévois un trajet de Draché à Sassierges-Saint-Germain.,Draché,Sassierges-Saint-Germain
Je souhaite voyager de Saint-Jacques-en-Valgodemard vers Trith-Saint-Léger.,Saint-Jacques-en-Valgodemard,Trith-Saint-Léger
Je dois aller de Comprégnac à Astaillac.,Comprégnac,Astaillac
Partir de Veauce pour Saint-Pern.,Veauce,Saint-Pern
Je dois aller de Québriac à Chalancon.,Québriac,Chalancon
Je voudrais me rendre à Sourdeval depuis Vieille-Brioude.,Vieille-Brioude,Sourdeval
Je dois aller de Saint-Saturnin à Gas.,Saint-Saturnin,Gas
Je voudrais me rendre à Bonlier depuis Irai.,Irai,Bonlier
Je dois aller de La Motte-Ternant à Villotte-devant-Louppy.,La Motte-Ternant,Villotte-devant-Louppy
Je souhaite voyager de Kuntzig vers Villeneuve-sur-Conie.,Kuntzig,Villeneuve-sur-Conie
Je souhaite voyager de Saint-Martial-de-Vitaterne vers Marcillac-la-Croisille.,Saint-Martial-de-Vitaterne,Marcillac-la-Croisille
Je veux aller de Cambron à Lintot-les-Bois.,Cambron,Lintot-les-Bois
Je souhaite voyager de Péron vers Bignicourt-sur-Marne.,Péron,Bignicourt-sur-Marne
Je souhaite voyager de Floringhem vers Sénezergues.,Floringhem,Sénezergues
Je voudrais me rendre à Burnand depuis Conchy-sur-Canche.,Conchy-sur-Canche,Burnand
Je vais me déplacer de Bavelincourt à Remilly-Aillicourt.,Bavelincourt,Remilly-Aillicourt
Prévois un trajet de Vouneuil-sous-Biard à Sacierges-Saint-Martin.,Vouneuil-sous-Biard,Sacierges-Saint-Martin
Je souhaite voyager de Ambleville vers Bazancourt.,Ambleville,Bazancourt
Je vais me déplacer de Levernois à Lignan-de-Bazas.,Levernois,Lignan-de-Bazas
Je voudrais me rendre à Sainte-Marie-de-Vaux depuis Bornambusc.,Bornambusc,Sainte-Marie-de-Vaux
Voyager de Drap à Dernancourt est prévu.,Drap,Dernancourt
Je veux aller de Rieux-en-Val à Laventie.,Rieux-en-Val,Laventie
Voyager de Vého à Barjouville est prévu.,Vého,Barjouville
Je veux aller de Brecé à Montceau-et-Écharnant.,Brecé,Montceau-et-Écharnant
Voyager de Montgaillard-Lauragais à Quettreville-sur-Sienne est prévu.,Montgaillard-Lauragais,Quettreville-sur-Sienne
Prévois un trajet de Saint-Lubin-de-la-Haye à Barfleur.,Saint-Lubin-de-la-Haye,Barfleur
Partir de Le Latet pour Beaumont-en-Véron.,Le Latet,Beaumont-en-Véron
Je voudrais me rendre à Goulien depuis Brignemont.,Brignemont,Goulien
Prévois un trajet de Bruille-lez-Marchiennes à Saint-Varent.,Bruille-lez-Marchiennes,Saint-Varent
Je voudrais me rendre à Ambrault depuis Rancon.,Rancon,Ambrault
Je vais me déplacer de Saint-Aubin-du-Cormier à Hautefeuille.,Saint-Aubin-du-Cormier,Hautefeuille
Voyager de Riguepeu à Urcerey est prévu.,Riguepeu,Urcerey
Partir de Auzances pour Villeneuve-lès-Lavaur.,Auzances,Villeneuve-lès-Lavaur
Je voudrais me rendre à Batilly-en-Gâtinais depuis Faycelles.,Faycelles,Batilly-en-Gâtinais
Voyager de Beccas à Chevigney-sur-l'Ognon est prévu.,Beccas,Chevigney-sur-l'Ognon
Je souhaite voyager de Saint-Laurent-de-Lévézou vers Crémarest.,Saint-Laurent-de-Lévézou,Crémarest
Je vais me déplacer de Blaisy-Haut à Savigny-Lévescault.,Blaisy-Haut,Savigny-Lévescault
Je vais me déplacer de Mascaraàs-Haron à Saint-Thonan.,Mascaraàs-Haron,Saint-Thonan
Je dois aller de Saint-Augustin à Surrain.,Saint-Augustin,Surrain
Je vais me déplacer de Creyssac à Tarcenay-Foucherans.,Creyssac,Tarcenay-Foucherans
Je voudrais me rendre à Champmillon depuis Saint-Antoine-sur-l'Isle.,Saint-Antoine-sur-l'Isle,Champmillon
Voyager de Le Grais à Sibiril est prévu.,Le Grais,Sibiril
Je souhaite voyager de Fontguenand vers Villiers-en-Bière.,Fontguenand,Villiers-en-Bière
Partir de Cognet pour Charantonnay.,Cognet,Charantonnay
Partir de Ferrals-les-Montagnes pour Vieillevigne.,Ferrals-les-Montagnes,Vieillevigne
Je veux aller de Peyzieux-sur-Saône à Capesterre-Belle-Eau.,Peyzieux-sur-Saône,Capesterre-Belle-Eau
Je dois aller de Tertry à Réclainville.,Tertry,Réclainville
Partir de Saussines pour Romeny-sur-Marne.,Saussines,Romeny-sur-Marne
Voyager de Noues de Sienne à Les Souhesmes-Rampont est prévu.,Noues de Sienne,Les Souhesmes-Rampont
Je vais me déplacer de Jussas à Saint-Mesmin.,Jussas,Saint-Mesmin
Partir de Oudan pour Balnot-sur-Laignes.,Oudan,Balnot-sur-Laignes
Prévois un trajet de Yvré-l'Évêque à Saint-Sulpice-d'Arnoult.,Yvré-l'Évêque,Saint-Sulpice-d'Arnoult
Voyager de Vesly à Le Fau est prévu.,Vesly,Le Fau
Voyager de Vézénobres à Foulbec est prévu.,Vézénobres,Foulbec
Je vais me déplacer de Saint-Christophe-sur-Condé à Marnay.,Saint-Christophe-sur-Condé,Marnay
Voyager de Romagné à Luppé-Violles est prévu.,Romagné,Luppé-Violles
Prévois un trajet de Belloy-en-Santerre à L'Isle-Arné.,Belloy-en-Santerre,L'Isle-Arné
Voyager de Landébia à Sainte-Eanne est prévu.,Landébia,Sainte-Eanne
Voyager de Semens à Piencourt est prévu.,Semens,Piencourt
Je vais me déplacer de Rochefort-du-Gard à Arleuf.,Rochefort-du-Gard,Arleuf
Je dois aller de Saint-Vincent-d'Autéjac à Meillon.,Saint-Vincent-d'Autéjac,Meillon
Prévois un trajet de Combre à Authevernes.,Combre,Authevernes
Je dois aller de Cazilhac à Saint-Ilpize.,Cazilhac,Saint-Ilpize
Je voudrais me rendre à Caumont depuis Peyrolles.,Peyrolles,Caumont
Voyager de Azzana à Savignac est prévu.,Azzana,Savignac
Je vais me déplacer de Frôlois à Saint-Geniès-des-Mourgues.,Frôlois,Saint-Geniès-des-Mourgues
Partir de Thouars pour Le Houga.,Thouars,Le Houga
Je voudrais me rendre à Hinges depuis Sabadel-Lauzès.,Sabadel-Lauzès,Hinges
Je voudrais me rendre à Lamaronde depuis Montfort.,Montfort,Lamaronde
Je vais me déplacer de Mittainvilliers-Vérigny à Tuzaguet.,Mittainvilliers-Vérigny,Tuzaguet
Je voudrais me rendre à Chalindrey depuis Fresnay.,Fresnay,Chalindrey
Partir de Haute-Épine pour Prémillieu.,Haute-Épine,Prémillieu
Je souhaite voyager de Saint-Blaise-du-Buis vers Quemper-Guézennec.,Saint-Blaise-du-Buis,Quemper-Guézennec
Voyager de Bordeaux-Saint-Clair à Le Monteil est prévu.,Bordeaux-Saint-Clair,Le Monteil
Je vais me déplacer de Druillat à Champenoux.,Druillat,Champenoux
Partir de Eclose-Badinières pour Marcilly-sur-Maulne.,Eclose-Badinières,Marcilly-sur-Maulne
Je voudrais me rendre à Oust depuis Bourdeau.,Bourdeau,Oust
Je souhaite voyager de Sancerre vers Saignes.,Sancerre,Saignes
Je veux aller de Ternas à Épreville-près-le-Neubourg.,Ternas,Épreville-près-le-Neubourg
Je voudrais me rendre à Couvains depuis Morionvilliers.,Morionvilliers,Couvains
Je souhaite voyager de Lhor vers Jonquières.,Lhor,Jonquières
Prévois un trajet de Saint-Hippolyte à Herpont.,Saint-Hippolyte,Herpont
Je veux aller de Douvres-la-Délivrande à Welles-Pérennes.,Douvres-la-Délivrande,Welles-Pérennes
Voyager de La Barben à Haut-Bocage est prévu.,La Barben,Haut-Bocage
Voyager de Les Moussières à Chissay-en-Touraine est prévu.,Les Moussières,Chissay-en-Touraine
Voyager de Quincey à Pranzac est prévu.,Quincey,Pranzac
Prévois un trajet de Merville à Vignoles.,Merville,Vignoles
Voyager de Boissy-le-Châtel à Paulin est prévu.,Boissy-le-Châtel,Paulin
Prévois un trajet de Bascons à Orgères.,Bascons,Orgères
Je dois aller de Joyeux à Auzainvilliers.,Joyeux,Auzainvilliers
Je voudrais me rendre à Hesdin-l'Abbé depuis Saint-Sever-de-Saintonge.,Saint-Sever-de-Saintonge,Hesdin-l'Abbé
Voyager de Verneil-le-Chétif à Hennebont est prévu.,Verneil-le-Chétif,Hennebont
Je voudrais me rendre à Marillac-le-Franc depuis Casteil.,Casteil,Marillac-le-Franc
Voyager de Fillé à Néronde est prévu.,Fillé,Néronde
Je dois aller de Lamazière-Haute à Saint-Bonnet-de-Bellac.,Lamazière-Haute,Saint-Bonnet-de-Bellac
Je souhaite voyager de Laruscade vers Le Châtelet-sur-Sormonne.,Laruscade,Le Châtelet-sur-Sormonne
Je voudrais me rendre à Sainte-Magnance depuis Saint-Perdoux.,Saint-Perdoux,Sainte-Magnance
Je voudrais me rendre à Hypercourt depuis Le Fleix.,Le Fleix,Hypercourt
Je veux aller de Nabas à Marsa.,Nabas,Marsa
Je vais me déplacer de Saleich à Lacroisille.,Saleich,Lacroisille
Voyager de La Chapelle-Saint-Laurian à Villemontais est prévu.,La Chapelle-Saint-Laurian,Villemontais
Je voudrais me rendre à Roybon depuis Saint-Tropez.,Saint-Tropez,Roybon
Je vais me déplacer de Kembs à Aast.,Kembs,Aast
Voyager de Fontaines-sur-Marne à Saint-Hilaire-de-Riez est prévu.,Fontaines-sur-Marne,Saint-Hilaire-de-Riez
Je veux aller de Sinnamary à Bouilh-Péreuilh.,Sinnamary,Bouilh-Péreuilh
Je vais me déplacer de Soudeilles à Uz.,Soudeilles,Uz
Je voudrais me rendre à Sylvains-Lès-Moulins depuis Freneuse.,Freneuse,Sylvains-Lès-Moulins
Je dois aller de Obterre à Niherne.,Obterre,Niherne
Je dois aller de Chaudebonne à Bouilhonnac.,Chaudebonne,Bouilhonnac
Je vais me déplacer de Roquefort-sur-Garonne à Waben.,Roquefort-sur-Garonne,Waben
Je veux aller de Parenty à Notre-Dame-de-Livoye.,Parenty,Notre-Dame-de-Livoye
Je souhaite voyager de Rouvroy-sur-Marne vers Le Thieulin.,Rouvroy-sur-Marne,Le Thieulin
Je dois aller de Aubigné à Corgnac-sur-l'Isle.,Aubigné,Corgnac-sur-l'Isle
Je souhaite voyager de Angecourt vers Les Cabannes.,Angecourt,Les Cabannes
Voyager de Voulx à Aix-Villemaur-Pâlis est prévu.,Voulx,Aix-Villemaur-Pâlis
Je veux aller de Abelcourt à Leulinghem.,Abelcourt,Leulinghem
Je voudrais me rendre à Nédonchel depuis Lezennes.,Lezennes,Nédonchel
Je souhaite voyager de Aigremont vers Flagnac.,Aigremont,Flagnac
Prévois un trajet de Comblot à Plouzané.,Comblot,Plouzané
Je dois aller de Saint-Agrève à Sainte-Anne.,Saint-Agrève,Sainte-Anne
Prévois un trajet de Bonviller à Estrées.,Bonviller,Estrées
Partir de Hirson pour Bisel.,Hirson,Bisel
Prévois un trajet de Thieulloy-la-Ville à Le Temple-de-Bretagne.,Thieulloy-la-Ville,Le Temple-de-Bretagne
Prévois un trajet de Mirepoix à Charvonnex.,Mirepoix,Charvonnex
Prévois un trajet de Villiers-sous-Mortagne à Lourties-Monbrun.,Villiers-sous-Mortagne,Lourties-Monbrun
Je vais me déplacer de Parentignat à Teyran.,Parentignat,Teyran
Partir de La Croixille pour Cauterets.,La Croixille,Cauterets
Partir de Belfort-du-Quercy pour Hames-Boucres.,Belfort-du-Quercy,Hames-Boucres
Partir de Montredon-Labessonnié pour Jouy-en-Pithiverais.,Montredon-Labessonnié,Jouy-en-Pithiverais
Je dois aller de Beaudéan à Mareil-sur-Loir.,Beaudéan,Mareil-sur-Loir
Je souhaite voyager de Le Bourguet vers Gruyères.,Le Bourguet,Gruyères
Prévois un trajet de Saint-Bonnot à Saint-Dizier.,Saint-Bonnot,Saint-Dizier
Prévois un trajet de Linay à Gundershoffen.,Linay,Gundershoffen
Je voudrais me rendre à La Romagne depuis Fréniches.,Fréniches,La Romagne
Je voudrais me rendre à Roches-lès-Blamont depuis Drambon.,Drambon,Roches-lès-Blamont
Partir de Badailhac pour Bourdons-sur-Rognon.,Badailhac,Bourdons-sur-Rognon
Je souhaite voyager de Burnand vers Isle-Saint-Georges.,Burnand,Isle-Saint-Georges
Je vais me déplacer de Scherwiller à Saint-Pons-la-Calm.,Scherwiller,Saint-Pons-la-Calm
Je souhaite voyager de Saint-Rémy-de-Provence vers Maillé.,Saint-Rémy-de-Provence,Maillé
Voyager de Arfeuille-Châtain à Roche-et-Raucourt est prévu.,Arfeuille-Châtain,Roche-et-Raucourt
Je voudrais me rendre à Coirac depuis Praye.,Praye,Coirac
Partir de Buchères pour Les Bréseux.,Buchères,Les Bréseux
Prévois un trajet de La Tremblade à Saint-Just-Chaleyssin.,La Tremblade,Saint-Just-Chaleyssin
Partir de Le Coudray-Macouard pour Fluquières.,Le Coudray-Macouard,Fluquières
Prévois un trajet de Pont-Sainte-Marie à Saint-Cirgues-de-Prades.,Pont-Sainte-Marie,Saint-Cirgues-de-Prades
Je souhaite voyager de Montmartin vers Lercoul.,Montmartin,Lercoul
Je vais me déplacer de Lévignac à Montrem.,Lévignac,Montrem
Je dois aller de Saint-Cierge-sous-le-Cheylard à Pressy-sous-Dondin.,Saint-Cierge-sous-le-Cheylard,Pressy-sous-Dondin
Prévois un trajet de Féy à Saint-Cirice.,Féy,Saint-Cirice
Je voudrais me rendre à Lavernay depuis Mérial.,Mérial,Lavernay
Je vais me déplacer de Sainte-Cécile-les-Vignes à Bourg-Saint-Bernard.,Sainte-Cécile-les-Vignes,Bourg-Saint-Bernard
Prévois un trajet de Duneau à Fleury.,Duneau,Fleury
Je vais me déplacer de Giuncheto à Furmeyer.,Giuncheto,Furmeyer
Je vais me déplacer de Lantosque à Tayac.,Lantosque,Tayac
Prévois un trajet de Vendhuile à Montmahoux.,Vendhuile,Montmahoux
Partir de Follainville-Dennemont pour Branges.,Follainville-Dennemont,Branges
Je voudrais me rendre à Saint-Martin-du-Lac depuis Saint-Brisson.,Saint-Brisson,Saint-Martin-du-Lac
Je veux aller de Billième à Moivre.,Billième,Moivre
Voyager de Orpierre à Villeneuve-sur-Auvers est prévu.,Orpierre,Villeneuve-sur-Auvers
Je voudrais me rendre à Gudmont-Villiers depuis Sainte-Foy-la-Grande.,Sainte-Foy-la-Grande,Gudmont-Villiers
Partir de Notre-Dame-du-Parc pour Trévron.,Notre-Dame-du-Parc,Trévron
Je voudrais me rendre à Le Vigan depuis Les Matelles.,Les Matelles,Le Vigan
Voyager de Saint-Clément-de-la-Place à Montbeugny est prévu.,Saint-Clément-de-la-Place,Montbeugny
Je vais me déplacer de Frais à Mareil-le-Guyon.,Frais,Mareil-le-Guyon
Prévois un trajet de Île-de-Sein à Serpaize.,Île-de-Sein,Serpaize
Je veux aller de Gœrlingen à Saint-Julien.,Gœrlingen,Saint-Julien
Voyager de Morainville-Jouveaux à Saint-Clément-des-Levées est prévu.,Morainville-Jouveaux,Saint-Clément-des-Levées
Partir de Le Gratteris pour Licourt.,Le Gratteris,Licourt
Je vais me déplacer de Le Caule-Sainte-Beuve à Estagel.,Le Caule-Sainte-Beuve,Estagel
Je veux aller de Ciel à Ouzouer-le-Doyen.,Ciel,Ouzouer-le-Doyen
Je souhaite voyager de Latrecey-Ormoy-sur-Aube vers Bellevue-la-Montagne.,Latrecey-Ormoy-sur-Aube,Bellevue-la-Montagne
Prévois un trajet de Mérobert à Bora-Bora.,Mérobert,Bora-Bora
Je dois aller de Steinseltz à Mesnil-en-Arrouaise.,Steinseltz,Mesnil-en-Arrouaise
Voyager de Saint-Fergeux à Changey est prévu.,Saint-Fergeux,Changey
Je souhaite voyager de Gouzens vers Grossouvre.,Gouzens,Grossouvre
Je voudrais me rendre à Chef-Boutonne depuis Landerrouat.,Landerrouat,Chef-Boutonne
Partir de Hyet pour Coutras.,Hyet,Coutras
Je vais me déplacer de Blancs-Coteaux à Villeneuve.,Blancs-Coteaux,Villeneuve
Prévois un trajet de Houlbec-Cocherel à Neufchelles.,Houlbec-Cocherel,Neufchelles
Je voudrais me rendre à Miribel-Lanchâtre depuis Saulvaux.,Saulvaux,Miribel-Lanchâtre
Prévois un trajet de Saint-Remy-sous-Barbuise à Saint-Sorlin-de-Conac.,Saint-Remy-sous-Barbuise,Saint-Sorlin-de-Conac
Je dois aller de Tassin-la-Demi-Lune à L'Étoile.,Tassin-la-Demi-Lune,L'Étoile
Partir de Escardes pour Volpajola.,Escardes,Volpajola
Je souhaite voyager de Moigny-sur-École vers La Brosse-Montceaux.,Moigny-sur-École,La Brosse-Montceaux
Je vais me déplacer de Crucey-Villages à Dalhain.,Crucey-Villages,Dalhain
Je vais me déplacer de Gesvres-le-Chapitre à Rougemont.,Gesvres-le-Chapitre,Rougemont
Voyager de Burret à Compertrix est prévu.,Burret,Compertrix
Je vais me déplacer de Beaumont à Follainville-Dennemont.,Beaumont,Follainville-Dennemont
Je vais me déplacer de Bellerive-sur-Allier à Toy-Viam.,Bellerive-sur-Allier,Toy-Viam
Je vais me déplacer de Saint-Paul-du-Bois à Quetigny.,Saint-Paul-du-Bois,Quetigny
Voyager de Nérondes à Santec est prévu.,Nérondes,Santec
Je vais me déplacer de Landujan à Montigny-les-Jongleurs.,Landujan,Montigny-les-Jongleurs
Je souhaite voyager de Saint-Blaise-la-Roche vers La Jarrie.,Saint-Blaise-la-Roche,La Jarrie
Je voudrais me rendre à Saint-Rome-de-Cernon depuis Carlus.,Carlus,Saint-Rome-de-Cernon
Voyager de Arquèves à Daoulas est prévu.,Arquèves,Daoulas
Je vais me déplacer de Saint-Michel-de-Montjoie à Fontaine-les-Grès.,Saint-Michel-de-Montjoie,Fontaine-les-Grès
Je vais me déplacer de Cannes-Écluse à Anthien.,Cannes-Écluse,Anthien
Je souhaite voyager de Monieux vers Avon-la-Pèze.,Monieux,Avon-la-Pèze
Je dois aller de Heidwiller à Avrillé-les-Ponceaux.,Heidwiller,Avrillé-les-Ponceaux
Je dois aller de Lombreuil à Moyencourt-lès-Poix.,Lombreuil,Moyencourt-lès-Poix
Je vais me déplacer de Saint-Cassin à Sempesserre.,Saint-Cassin,Sempesserre
Partir de Champlay pour Port-d'Envaux.,Champlay,Port-d'Envaux
Voyager de La Palud-sur-Verdon à Saint-Genest-Lerpt est prévu.,La Palud-sur-Verdon,Saint-Genest-Lerpt
Prévois un trajet de Tilloy-lez-Cambrai à Mogeville.,Tilloy-lez-Cambrai,Mogeville
Partir de Poisson pour Saint-Simon.,Poisson,Saint-Simon
Je souhaite voyager de Prégilbert vers Saint-Sylvain.,Prégilbert,Saint-Sylvain
Partir de Maripasoula pour Villages du Lac de Paladru.,Maripasoula,Villages du Lac de Paladru
Je souhaite voyager de Labastidette vers Ascain.,Labastidette,Ascain
Prévois un trajet de Pessoulens à Cavillon.,Pessoulens,Cavillon
Je dois aller de Courcelles à Neurey-lès-la-Demie.,Courcelles,Neurey-lès-la-Demie
Je souhaite voyager de Boulay-Moselle vers La Neuville-lès-Wasigny.,Boulay-Moselle,La Neuville-lès-Wasigny
Je souhaite voyager de Saint-Véran vers Ricquebourg.,Saint-Véran,Ricquebourg
Je souhaite voyager de Rouans vers Les Poulières.,Rouans,Les Poulières
Je vais me déplacer de Ambrines à Nans-sous-Sainte-Anne.,Ambrines,Nans-sous-Sainte-Anne
Je souhaite voyager de Sainte-Gemme vers Saint-Germain-sur-Eaulne.,Sainte-Gemme,Saint-Germain-sur-Eaulne
Je voudrais me rendre à Trébrivan depuis Saint-Alban-sur-Limagnole.,Saint-Alban-sur-Limagnole,Trébrivan
Partir de Bois-Anzeray pour Agnicourt-et-Séchelles.,Bois-Anzeray,Agnicourt-et-Séchelles
Je voudrais me rendre à Forest-sur-Marque depuis Seichebrières.,Seichebrières,Forest-sur-Marque
Je dois aller de Sor à Flamets-Frétils.,Sor,Flamets-Frétils
Je vais me déplacer de Le Trait à Saint-Christophe-en-Bourbonnais.,Le Trait,Saint-Christophe-en-Bourbonnais
Je souhaite voyager de Cubiérettes vers Saint-Martin-en-Haut.,Cubiérettes,Saint-Martin-en-Haut
Partir de Coume pour Damrémont.,Coume,Damrémont
Je dois aller de Montarnaud à Abondant.,Montarnaud,Abondant
Voyager de Condé-Folie à Vannecourt est prévu.,Condé-Folie,Vannecourt
Voyager de Saint-Simon-de-Bordes à Générargues est prévu.,Saint-Simon-de-Bordes,Générargues
Prévois un trajet de Verfeil à Valcivières.,Verfeil,Valcivières
Je souhaite voyager de Averdon vers Mons.,Averdon,Mons
Je souhaite voyager de Parsac-Rimondeix vers Braches.,Parsac-Rimondeix,Braches
Je dois aller de Brienne-la-Vieille à Verneil-le-Chétif.,Brienne-la-Vieille,Verneil-le-Chétif
Partir de Saint-Just-sur-Viaur pour Tupin-et-Semons.,Saint-Just-sur-Viaur,Tupin-et-Semons
Je dois aller de Prégilbert à Gellin.,Prégilbert,Gellin
Prévois un trajet de Mondicourt à Frasseto.,Mondicourt,Frasseto
Je vais me déplacer de La Fermeté à Devecey.,La Fermeté,Devecey
Prévois un trajet de Amfreville-sous-les-Monts à Pont-de-Veyle.,Amfreville-sous-les-Monts,Pont-de-Veyle
Voyager de Montagrier à Bathelémont est prévu.,Montagrier,Bathelémont
Je souhaite voyager de Lanmodez vers Toutenant.,Lanmodez,Toutenant
Voyager de Réalville à Pavezin est prévu.,Réalville,Pavezin
Voyager de Frais à Saint-Laurent-Blangy est prévu.,Frais,Saint-Laurent-Blangy
Partir de Saint-Pierre pour Boudrac.,Saint-Pierre,Boudrac
Partir de Narnhac pour Montreuil.,Narnhac,Montreuil
Voyager de Saint-Germain-Lespinasse à Cauroy est prévu.,Saint-Germain-Lespinasse,Cauroy
Je vais me déplacer de Saint-Malo-de-Guersac à Petit-Canal.,Saint-Malo-de-Guersac,Petit-Canal
Voyager de Harmonville à Francarville est prévu.,Harmonville,Francarville
Prévois un trajet de Montaigut-en-Combraille à Mareil-en-France.,Montaigut-en-Combraille,Mareil-en-France
Je veux aller de Vivier-au-Court à Dompierre-en-Morvan.,Vivier-au-Court,Dompierre-en-Morvan
Prévois un trajet de Martigny-sur-l'Ante à La Vendue-Mignot.,Martigny-sur-l'Ante,La Vendue-Mignot
Je souhaite voyager de Hilbesheim vers Pouillé.,Hilbesheim,Pouillé
Prévois un trajet de Marseillan à Roussennac.,Marseillan,Roussennac
Voyager de Lamazière-Haute à Jonquières est prévu.,Lamazière-Haute,Jonquières
Prévois un trajet de Port-Saint-Père à Livers-Cazelles.,Port-Saint-Père,Livers-Cazelles
Partir de Flaujac-Gare pour Saint-Louis-de-Montferrand.,Flaujac-Gare,Saint-Louis-de-Montferrand
Je veux aller de La Chapelle-du-Bourgay à Llauro.,La Chapelle-du-Bourgay,Llauro
Partir de Saint-Victor-sur-Arlanc pour Sermizelles.,Saint-Victor-sur-Arlanc,Sermizelles
Je voudrais me rendre à Catenay depuis Ganagobie.,Ganagobie,Catenay
Voyager de Cuers à Grailhen est prévu.,Cuers,Grailhen
Partir de Ancerville pour Ciboure.,Ancerville,Ciboure
Je dois aller de Couesmes-Vaucé à Saint-Jean-des-Vignes.,Couesmes-Vaucé,Saint-Jean-des-Vignes
Je vais me déplacer de Montcuq-en-Quercy-Blanc à Lafresguimont-Saint-Martin.,Montcuq-en-Quercy-Blanc,Lafresguimont-Saint-Martin
Je veux aller de Saint-Priest-Bramefant à Le Prêcheur.,Saint-Priest-Bramefant,Le Prêcheur
Prévois un trajet de Barbâtre à Perelli.,Barbâtre,Perelli
Partir de Caraman pour Serviers-et-Labaume.,Caraman,Serviers-et-Labaume
Prévois un trajet de Saint-Julien-lès-Gorze à Bellecombe-en-Bauges.,Saint-Julien-lès-Gorze,Bellecombe-en-Bauges
Je souhaite voyager de Baudricourt vers Saint-Gand.,Baudricourt,Saint-Gand
Voyager de Antibes à Suèvres est prévu.,Antibes,Suèvres
Je dois aller de Orain à Blassac.,Orain,Blassac
Je souhaite voyager de Beauvilliers vers Giraumont.,Beauvilliers,Giraumont
Je vais me déplacer de Bors (Canton de Charente-Sud) à Gy-l'Évêque.,Bors (Canton de Charente-Sud),Gy-l'Évêque
Je dois aller de Mayot à Saint-Jean-la-Poterie.,Mayot,Saint-Jean-la-Poterie
Je vais me déplacer de Saint-Loube à Fargues-sur-Ourbise.,Saint-Loube,Fargues-sur-Ourbise
Je souhaite voyager de Trédarzec vers Le Chalard.,Trédarzec,Le Chalard
Prévois un trajet de Saint-Pierre-Canivet à Montfleur.,Saint-Pierre-Canivet,Montfleur
Je vais me déplacer de Tumaraa à Vexaincourt.,Tumaraa,Vexaincourt
Je veux aller de Renage à Lamanon.,Renage,Lamanon
Je dois aller de Ambleny à Moutonneau.,Ambleny,Moutonneau
Partir de Béthonsart pour Lohuec.,Béthonsart,Lohuec
Prévois un trajet de Villette à Riville.,Villette,Riville
Je souhaite voyager de Jau-Dignac-et-Loirac vers Saint-Grégoire.,Jau-Dignac-et-Loirac,Saint-Grégoire
Je souhaite voyager de Thoraise vers Bostens.,Thoraise,Bostens
Je souhaite voyager de Nouaillé-Maupertuis vers Rongères.,Nouaillé-Maupertuis,Rongères
Je veux aller de Tilloy-lez-Marchiennes à Brion.,Tilloy-lez-Marchiennes,Brion
Prévois un trajet de Trilport à Roz-sur-Couesnon.,Trilport,Roz-sur-Couesnon
Je dois aller de Le Favril à Raulhac.,Le Favril,Raulhac
Partir de Garons pour Bougy.,Garons,Bougy
Je voudrais me rendre à Rodès depuis Jasseines.,Jasseines,Rodès
Je veux aller de Haut Valromey à Le Mesnil-Simon.,Haut Valromey,Le Mesnil-Simon
Voyager de Auzouville-sur-Saâne à Munster est prévu.,Auzouville-sur-Saâne,Munster
Partir de Moulon pour Saint-Georges-de-Noisné.,Moulon,Saint-Georges-de-Noisné
Partir de Blomac pour Villemoyenne.,Blomac,Villemoyenne
Je vais me déplacer de Fontoy à Puits-la-Vallée.,Fontoy,Puits-la-Vallée
Prévois un trajet de Gellenoncourt à Bietlenheim.,Gellenoncourt,Bietlenheim
Partir de Ambérac pour Martainneville.,Ambérac,Martainneville
Je voudrais me rendre à Céaux-d'Allègre depuis Salon-la-Tour.,Salon-la-Tour,Céaux-d'Allègre
Je dois aller de Sales à Gouaux-de-Luchon.,Sales,Gouaux-de-Luchon
Je vais me déplacer de Ferrières à Lavalette.,Ferrières,Lavalette
Je dois aller de Pomacle à Frémonville.,Pomacle,Frémonville
Partir de Canavaggia pour Gémonval.,Canavaggia,Gémonval
Je voudrais me rendre à Saint-Salvadour depuis Cubry-lès-Faverney.,Cubry-lès-Faverney,Saint-Salvadour
Prévois un trajet de Larré à Pierres.,Larré,Pierres
Je souhaite voyager de Archipel des Crozet vers Montescot.,Archipel des Crozet,Montescot
Je vais me déplacer de Montussaint à Ciamannacce.,Montussaint,Ciamannacce
Partir de Louvie-Juzon pour Void-Vacon.,Louvie-Juzon,Void-Vacon
Je dois aller de Cassagne à Petit-Bersac.,Cassagne,Petit-Bersac
Je vais me déplacer de Roquebrun à Rupéreux.,Roquebrun,Rupéreux
Je voudrais me rendre à Manhoué depuis Les Mazures.,Les Mazures,Manhoué
Partir de Saint-Barthélemy-le-Plain pour Saligny-sur-Roudon.,Saint-Barthélemy-le-Plain,Saligny-sur-Roudon
Prévois un trajet de Coyecques à Bardouville.,Coyecques,Bardouville
Je veux aller de Averton à Aubarède.,Averton,Aubarède
Voyager de Ladiville à Saint-Ferréol-Trente-Pas est prévu.,Ladiville,Saint-Ferréol-Trente-Pas
Je veux aller de Munchhouse à Vic-Fezensac.,Munchhouse,Vic-Fezensac
Je dois aller de Vic-en-Bigorre à Sailly.,Vic-en-Bigorre,Sailly
Je souhaite voyager de Le Hérie-la-Viéville vers Saint-Germain.,Le Hérie-la-Viéville,Saint-Germain
Je voudrais me rendre à Médis depuis Bourg-du-Bost.,Bourg-du-Bost,Médis
Prévois un trajet de Martizay à Coarraze.,Martizay,Coarraze
Je dois aller de Saint-Hilaire-la-Gravelle à Pussigny.,Saint-Hilaire-la-Gravelle,Pussigny
Je dois aller de Aulnat à Fismes.,Aulnat,Fismes
Prévois un trajet de Eraines à Blandin.,Eraines,Blandin
Prévois un trajet de Saint-Maurice-sur-Vingeanne à Pisseleu.,Saint-Maurice-sur-Vingeanne,Pisseleu
Je souhaite voyager de Labruyère vers Bannes.,Labruyère,Bannes
Je voudrais me rendre à Meurival depuis Heiteren.,Heiteren,Meurival
Prévois un trajet de Vétheuil à Venoy.,Vétheuil,Venoy
Je souhaite voyager de Eslourenties-Daban vers Saint-Saturnin-du-Limet.,Eslourenties-Daban,Saint-Saturnin-du-Limet
Je veux aller de Vascœuil à Gros-Chastang.,Vascœuil,Gros-Chastang
Partir de Saint-Michel-de-Vax pour Bissert.,Saint-Michel-de-Vax,Bissert
Partir de Saint-Symphorien pour La Baume-de-Transit.,Saint-Symphorien,La Baume-de-Transit
Partir de Arconsat pour Verneuil-Petit.,Arconsat,Verneuil-Petit
Partir de Divonne-les-Bains pour Bourgeauville.,Divonne-les-Bains,Bourgeauville
Partir de Saint-Julien-de-l'Herms pour Braye-sur-Maulne.,Saint-Julien-de-l'Herms,Braye-sur-Maulne
Voyager de Séchault à Thun-Saint-Martin est prévu.,Séchault,Thun-Saint-Martin
Je vais me déplacer de Sainte-Anne à Corgnac-sur-l'Isle.,Sainte-Anne,Corgnac-sur-l'Isle
Je dois aller de Chemilli à Sainte-Marie-du-Mont.,Chemilli,Sainte-Marie-du-Mont
Voyager de Fontaine à Laons est prévu.,Fontaine,Laons
Je voudrais me rendre à Locquignol depuis Vouhé.,Vouhé,Locquignol
Prévois un trajet de Marolles-lès-Bailly à Socourt.,Marolles-lès-Bailly,Socourt
Je dois aller de Belleroche à Tarzy.,Belleroche,Tarzy
Partir de Congé-sur-Orne pour Charleville-Mézières.,Congé-sur-Orne,Charleville-Mézières
Voyager de Limeux à Bourdeau est prévu.,Limeux,Bourdeau
Je souhaite voyager de Le Cheix vers Montenoison.,Le Cheix,Montenoison
Partir de Moon-sur-Elle pour Millebosc.,Moon-sur-Elle,Millebosc
Prévois un trajet de Lacapelle-del-Fraisse à Beaurepaire.,Lacapelle-del-Fraisse,Beaurepaire
Partir de Veigy-Foncenex pour Belmont.,Veigy-Foncenex,Belmont
Je vais me déplacer de Picquigny à Saint-Sigismond-de-Clermont.,Picquigny,Saint-Sigismond-de-Clermont
Je souhaite voyager de Chabreloche vers Saint-Crépin.,Chabreloche,Saint-Crépin
Voyager de Méry-sur-Marne à Le Trait est prévu.,Méry-sur-Marne,Le Trait
Je veux aller de Mouchès à Sommerau.,Mouchès,Sommerau
Je voudrais me rendre à Saint-Jean-Saverne depuis Longny les Villages.,Longny les Villages,Saint-Jean-Saverne
Je voudrais me rendre à Authe depuis Saint-Bertrand-de-Comminges.,Saint-Bertrand-de-Comminges,Authe
Partir de Plaimbois-Vennes pour Auzon.,Plaimbois-Vennes,Auzon
Je vais me déplacer de Cauvignac à Valuéjols.,Cauvignac,Valuéjols
Partir de La Roche-en-Brenil pour Sabarros.,La Roche-en-Brenil,Sabarros
Je voudrais me rendre à Saint-Ilpize depuis Aspin-en-Lavedan.,Aspin-en-Lavedan,Saint-Ilpize
Je dois aller de Saint-Julien-la-Geneste à Excenevex.,Saint-Julien-la-Geneste,Excenevex
Je vais me déplacer de Salon à Saint-Siméon.,Salon,Saint-Siméon
Prévois un trajet de Montpellier à Portet-de-Luchon.,Montpellier,Portet-de-Luchon
Voyager de Rottelsheim à Hondevilliers est prévu.,Rottelsheim,Hondevilliers
Prévois un trajet de Soudan à Roye.,Soudan,Roye
Je voudrais me rendre à Flacy depuis Antezant-la-Chapelle.,Antezant-la-Chapelle,Flacy
Partir de Saint-Martin pour Faux-Villecerf.,Saint-Martin,Faux-Villecerf
Partir de Allonnes pour Saint-Germain-du-Corbéis.,Allonnes,Saint-Germain-du-Corbéis
Prévois un trajet de Saint-Omer à Le Diamant.,Saint-Omer,Le Diamant
Je vais me déplacer de La Veuve à Magnat-l'Étrange.,La Veuve,Magnat-l'Étrange
Voyager de Montfaucon à Audignicourt est prévu.,Montfaucon,Audignicourt
Partir de Montgenost pour Ronchaux.,Montgenost,Ronchaux
Partir de Ponthoile pour Le Grippon.,Ponthoile,Le Grippon
Je veux aller de Fargues-sur-Ourbise à Villiers-Saint-Orien.,Fargues-sur-Ourbise,Villiers-Saint-Orien
Partir de Beaumont-Monteux pour Prouvais.,Beaumont-Monteux,Prouvais
Voyager de Sadillac à Castelginest est prévu.,Sadillac,Castelginest
Voyager de Sainte-Luce à Saint-Nazaire-sur-Charente est prévu.,Sainte-Luce,Saint-Nazaire-sur-Charente
Je dois aller de Alembon à Friauville.,Alembon,Friauville
Partir de Sardon pour Saint-André-de-la-Roche.,Sardon,Saint-André-de-la-Roche
Je souhaite voyager de Saint-Marc-Jaumegarde vers Venon.,Saint-Marc-Jaumegarde,Venon
Je vais me déplacer de Rouville à Cercottes.,Rouville,Cercottes
Je voudrais me rendre à Nézignan-l'Évêque depuis Verneuil-sur-Serre.,Verneuil-sur-Serre,Nézignan-l'Évêque
Partir de Tizac-de-Curton pour Les Ancizes-Comps.,Tizac-de-Curton,Les Ancizes-Comps
Je dois aller de Noisy-sur-Oise à Marboz.,Noisy-sur-Oise,Marboz
Je souhaite voyager de Ludes vers Madecourt.,Ludes,Madecourt
Voyager de Lambruisse à Badonviller est prévu.,Lambruisse,Badonviller
Prévois un trajet de Longeau-Percey à Blauvac.,Longeau-Percey,Blauvac
Voyager de Thors à Monguilhem est prévu.,Thors,Monguilhem
Voyager de Château-Gontier-sur-Mayenne à Connelles est prévu.,Château-Gontier-sur-Mayenne,Connelles
Je voudrais me rendre à Beauvais-sur-Tescou depuis Viry-Châtillon.,Viry-Châtillon,Beauvais-sur-Tescou
Voyager de Belmont à Neauphlette est prévu.,Belmont,Neauphlette
Je souhaite voyager de Villefargeau vers Gondrexon.,Villefargeau,Gondrexon
Prévois un trajet de Reigneville-Bocage à Saint-Ulrich.,Reigneville-Bocage,Saint-Ulrich
Je souhaite voyager de Léry vers Écriennes.,Léry,Écriennes
Je souhaite voyager de Saint-Florent-sur-Auzonnet vers Saint-Thibault.,Saint-Florent-sur-Auzonnet,Saint-Thibault
Je veux aller de Champ-Laurent à Crotelles.,Champ-Laurent,Crotelles
Voyager de Holling à Ozolles est prévu.,Holling,Ozolles
Je souhaite voyager de Meilhan-sur-Garonne vers Gudas.,Meilhan-sur-Garonne,Gudas
Je voudrais me rendre à Moutiers-sur-le-Lay depuis Vieillevie.,Vieillevie,Moutiers-sur-le-Lay
Je dois aller de Subles à Saint-Julien-Mont-Denis.,Subles,Saint-Julien-Mont-Denis
Je vais me déplacer de Montreuil-le-Henri à Lamaids.,Montreuil-le-Henri,Lamaids
Voyager de La Trinité-Surzur à Saint-Julien-Beychevelle est prévu.,La Trinité-Surzur,Saint-Julien-Beychevelle
Je vais me déplacer de Garrebourg à Ur.,Garrebourg,Ur
Prévois un trajet de Cartignies à Saint-Médard-d'Aunis.,Cartignies,Saint-Médard-d'Aunis
Prévois un trajet de Malvalette à Saint-Marcel-lès-Sauzet.,Malvalette,Saint-Marcel-lès-Sauzet
Voyager de Arné à Messanges est prévu.,Arné,Messanges
Je dois aller de Saint-Cirgues à Montrosier.,Saint-Cirgues,Montrosier
Je souhaite voyager de Nonzeville vers Eschau.,Nonzeville,Eschau
Partir de Veauce pour Monesple.,Veauce,Monesple
Je veux aller de Saint-Léger-le-Guérétois à Mens.,Saint-Léger-le-Guérétois,Mens
Je dois aller de Saint-Vincent-des-Prés à Brinon-sur-Sauldre.,Saint-Vincent-des-Prés,Brinon-sur-Sauldre
Prévois un trajet de Troarn à Calleville.,Troarn,Calleville
Prévois un trajet de Avensan à Béthonvilliers.,Avensan,Béthonvilliers
Je voudrais me rendre à Verton depuis Ronvaux.,Ronvaux,Verton
Je vais me déplacer de Montolieu à Chirac-Bellevue.,Montolieu,Chirac-Bellevue
Voyager de Buhl à Mauperthuis est prévu.,Buhl,Mauperthuis
Prévois un trajet de Orignac à Vaudringhem.,Orignac,Vaudringhem
Je voudrais me rendre à Abergement-la-Ronce depuis Valencin.,Valencin,Abergement-la-Ronce
Partir de Guéblange-lès-Dieuze pour Banyuls-dels-Aspres.,Guéblange-lès-Dieuze,Banyuls-dels-Aspres
Prévois un trajet de Dole à Nesle-et-Massoult.,Dole,Nesle-et-Massoult
Voyager de Saint-Couat-d'Aude à Molandier est prévu.,Saint-Couat-d'Aude,Molandier
Je souhaite voyager de Le Chambon-Feugerolles vers Sainte-Livrade-sur-Lot.,Le Chambon-Feugerolles,Sainte-Livrade-sur-Lot
Je voudrais me rendre à Sancerre depuis Noironte.,Noironte,Sancerre
Je dois aller de Saint-Étienne-sur-Usson à Nyer.,Saint-Étienne-sur-Usson,Nyer
Je vais me déplacer de Le Prêcheur à Nuillé-sur-Vicoin.,Le Prêcheur,Nuillé-sur-Vicoin
Je dois aller de Saint-Georges-sur-Eure à Vacognes-Neuilly.,Saint-Georges-sur-Eure,Vacognes-Neuilly
Voyager de Étais-la-Sauvin à Breuvery-sur-Coole est prévu.,Étais-la-Sauvin,Breuvery-sur-Coole
Je veux aller de Thiétreville à Saint-Lions.,Thiétreville,Saint-Lions
Voyager de Mareil-en-Champagne à La Chapelotte est prévu.,Mareil-en-Champagne,La Chapelotte
Je vais me déplacer de Saint-Germain-l'Herm à Épannes.,Saint-Germain-l'Herm,Épannes
Je dois aller de Saint-Priest-en-Jarez à Saulnières.,Saint-Priest-en-Jarez,Saulnières
Je vais me déplacer de Hellimer à Mondicourt.,Hellimer,Mondicourt
Prévois un trajet de Paluel à Chaux-des-Crotenay.,Paluel,Chaux-des-Crotenay
Je dois aller de Elbach à Espezel.,Elbach,Espezel
Je veux aller de Laran à Bonnemain.,Laran,Bonnemain
Je souhaite voyager de Ducos vers Saint-Pierre-la-Garenne.,Ducos,Saint-Pierre-la-Garenne
Je voudrais me rendre à Percey depuis Brousse.,Brousse,Percey
Voyager de Lussat à Le Prêcheur est prévu.,Lussat,Le Prêcheur
Je veux aller de Corveissiat à Saint-Jurs.,Corveissiat,Saint-Jurs
Partir de Villelongue-de-la-Salanque pour Bulson.,Villelongue-de-la-Salanque,Bulson
Voyager de Tombebœuf à Villeneuve-les-Sablons est prévu.,Tombebœuf,Villeneuve-les-Sablons
Partir de Montchamp pour Hétomesnil.,Montchamp,Hétomesnil
Je souhaite voyager de Bus-lès-Artois vers Guilliers.,Bus-lès-Artois,Guilliers
Je dois aller de Mont à Les Sauvages.,Mont,Les Sauvages
Je vais me déplacer de Cheylade à Hertzing.,Cheylade,Hertzing
Je veux aller de Le Bourgneuf-la-Forêt à Cheix-en-Retz.,Le Bourgneuf-la-Forêt,Cheix-en-Retz
Je dois aller de Mesnil-Lettre à Les Vigneaux.,Mesnil-Lettre,Les Vigneaux
Je voudrais me rendre à Aluze depuis Vougécourt.,Vougécourt,Aluze
Je voudrais me rendre à Trévron depuis Challuy.,Challuy,Trévron
Je vais me déplacer de Le Rialet à Petit-Failly.,Le Rialet,Petit-Failly
Je vais me déplacer de Lillers à Montséret.,Lillers,Montséret
Je vais me déplacer de Gardères à Vandœuvre-lès-Nancy.,Gardères,Vandœuvre-lès-Nancy
Prévois un trajet de Sardent à Ramicourt.,Sardent,Ramicourt
Je veux aller de Jarnac-Champagne à Villemomble.,Jarnac-Champagne,Villemomble
Je souhaite voyager de Manneville-la-Goupil vers Saint-Prest.,Manneville-la-Goupil,Saint-Prest
Je veux aller de Denain à Saint-Mihiel.,Denain,Saint-Mihiel
Je veux aller de Le Vaumain à Mézilhac.,Le Vaumain,Mézilhac
Je voudrais me rendre à Frelinghien depuis Saint-Marsal.,Saint-Marsal,Frelinghien
Je veux aller de Renazé à Bâgé-le-Châtel.,Renazé,Bâgé-le-Châtel
Je vais me déplacer de Missy-aux-Bois à Montigné-lès-Rairies.,Missy-aux-Bois,Montigné-lès-Rairies
Je voudrais me rendre à Doumely-Bégny depuis Bouillon.,Bouillon,Doumely-Bégny
Prévois un trajet de Sully-sur-Loire à Laissaud.,Sully-sur-Loire,Laissaud
Je veux aller de Fignières à Gaugeac.,Fignières,Gaugeac
Partir de Le Chambon-Feugerolles pour Montgueux.,Le Chambon-Feugerolles,Montgueux
Je veux aller de Pouzy-Mésangy à Lormes.,Pouzy-Mésangy,Lormes
Je vais me déplacer de Sotteville-lès-Rouen à Lannebert.,Sotteville-lès-Rouen,Lannebert
Prévois un trajet de Héninel à Saint-Léonard.,Héninel,Saint-Léonard
Je vais me déplacer de Saint-Juéry à Sagonne.,Saint-Juéry,Sagonne
Je dois aller de Champ-sur-Barse à Saint-Rémy.,Champ-sur-Barse,Saint-Rémy
Je vais me déplacer de Saint-Maurice-des-Noues à Veuzain-sur-Loire.,Saint-Maurice-des-Noues,Veuzain-sur-Loire
Je voudrais me rendre à Houaïlou depuis Fluy.,Fluy,Houaïlou
Voyager de Martincourt à Châtillon est prévu.,Martincourt,Châtillon
Voyager de Labruguière à Arenthon est prévu.,Labruguière,Arenthon
Je veux aller de Ly-Fontaine à Nébias.,Ly-Fontaine,Nébias
Je veux aller de Flines-lez-Raches à Lignareix.,Flines-lez-Raches,Lignareix
Prévois un trajet de Pouydesseaux à Croignon.,Pouydesseaux,Croignon
Je dois aller de La Dorée à Saint-Grégoire-du-Vièvre.,La Dorée,Saint-Grégoire-du-Vièvre
Je voudrais me rendre à Châtillon-sur-Colmont depuis Le Poët.,Le Poët,Châtillon-sur-Colmont
Partir de Occagnes pour Saint-Laurent-la-Gâtine.,Occagnes,Saint-Laurent-la-Gâtine
Je voudrais me rendre à Temple-Laguyon depuis Tillac.,Tillac,Temple-Laguyon
Voyager de Bréxent-Énocq à Saint-Paul-en-Jarez est prévu.,Bréxent-Énocq,Saint-Paul-en-Jarez
Je dois aller de Mirabel-aux-Baronnies à Ambilly.,Mirabel-aux-Baronnies,Ambilly
Je vais me déplacer de Dierrey-Saint-Pierre à Jausiers.,Dierrey-Saint-Pierre,Jausiers
Je veux aller de Sans-Vallois à Laburgade.,Sans-Vallois,Laburgade
Je veux aller de Wailly-Beaucamp à Ocqueville.,Wailly-Beaucamp,Ocqueville
Je voudrais me rendre à Épreville depuis Saint-Simon-de-Bordes.,Saint-Simon-de-Bordes,Épreville
Je vais me déplacer de Freneuse-sur-Risle à Saint-Privat-des-Vieux.,Freneuse-sur-Risle,Saint-Privat-des-Vieux
Je voudrais me rendre à Arx depuis Riaillé.,Riaillé,Arx
Prévois un trajet de Marconnelle à Bioussac.,Marconnelle,Bioussac
Je veux aller de Inchy-en-Artois à Les Bréseux.,Inchy-en-Artois,Les Bréseux
Je veux aller de Griscourt à Alixan.,Griscourt,Alixan
Je veux aller de Latronche à Certines.,Latronche,Certines
Voyager de Joze à Cadalen est prévu.,Joze,Cadalen
Je dois aller de Sologny à Bordeaux.,Sologny,Bordeaux
Je souhaite voyager de Toul vers Villers-Patras.,Toul,Villers-Patras
Voyager de Hesdigneul-lès-Béthune à Crépy est prévu.,Hesdigneul-lès-Béthune,Crépy
Prévois un trajet de Massat à Saint-Sulpice-de-Ruffec.,Massat,Saint-Sulpice-de-Ruffec
Partir de Ardengost pour Villard-sur-Doron.,Ardengost,Villard-sur-Doron
Voyager de Monlet à Aujols est prévu.,Monlet,Aujols
Je souhaite voyager de Vernierfontaine vers Espiet.,Vernierfontaine,Espiet
Je souhaite voyager de Frôlois vers Saint-Vincent-des-Bois.,Frôlois,Saint-Vincent-des-Bois
Partir de Bertignat pour Masparraute.,Bertignat,Masparraute
Je voudrais me rendre à Fréthun depuis Les Mazures.,Les Mazures,Fréthun
Je dois aller de Rohr à Châtelblanc.,Rohr,Châtelblanc
Je souhaite voyager de Besse-et-Saint-Anastaise vers Saint-Maxent.,Besse-et-Saint-Anastaise,Saint-Maxent
Je veux aller de La Chapelle-Rablais à Saulnay.,La Chapelle-Rablais,Saulnay
Je souhaite voyager de Saint-Jean-de-Luz vers Bretagne.,Saint-Jean-de-Luz,Bretagne
Je voudrais me rendre à Rochefourchat depuis Toulon-sur-Allier.,Toulon-sur-Allier,Rochefourchat
Je souhaite voyager de Senlis-le-Sec vers Castillon-de-Saint-Martory.,Senlis-le-Sec,Castillon-de-Saint-Martory
Prévois un trajet de Anneville-en-Saire à Wittersheim.,Anneville-en-Saire,Wittersheim
Je vais me déplacer de Saint-Marcel à Saint-Laurent-du-Tencement.,Saint-Marcel,Saint-Laurent-du-Tencement
Prévois un trajet de Saffré à Noron-l'Abbaye.,Saffré,Noron-l'Abbaye
Voyager de Oyré à Lembras est prévu.,Oyré,Lembras
Je veux aller de Merléac à Boussenac.,Merléac,Boussenac
Je veux aller de Estaires à Gannat.,Estaires,Gannat
Prévois un trajet de Steinsoultz à Lanfains.,Steinsoultz,Lanfains
Je veux aller de Ploemeur à Frémery.,Ploemeur,Frémery
Je veux aller de Fenioux à Zehnacker.,Fenioux,Zehnacker
Je vais me déplacer de Cier-de-Rivière à Chouain.,Cier-de-Rivière,Chouain
Je vais me déplacer de Thouron à Bouville.,Thouron,Bouville
Prévois un trajet de Auribail à Pontarion.,Auribail,Pontarion
Je souhaite voyager de Faugères vers Olemps.,Faugères,Olemps
Partir de Sotteville-sous-le-Val pour Traversères.,Sotteville-sous-le-Val,Traversères
Partir de Barry pour Port-Vendres.,Barry,Port-Vendres
Je dois aller de Charleville à Bouquet.,Charleville,Bouquet
Je veux aller de La Machine à Coron.,La Machine,Coron
Je veux aller de Damprichard à Barjac.,Damprichard,Barjac
Partir de Villevenard pour Lannepax.,Villevenard,Lannepax
Partir de Conflans-sur-Anille pour Hervelinghen.,Conflans-sur-Anille,Hervelinghen
Je vais me déplacer de Cazarilh-Laspènes à Saint-Sernin.,Cazarilh-Laspènes,Saint-Sernin
Prévois un trajet de Port-sur-Saône à Quatzenheim.,Port-sur-Saône,Quatzenheim
Je voudrais me rendre à Baudemont depuis Ussel.,Ussel,Baudemont
Partir de Villeneuve-la-Garenne pour Damery.,Villeneuve-la-Garenne,Damery
Voyager de Lencloître à La Faye est prévu.,Lencloître,La Faye
Je veux aller de Sainte-Brigitte à Bourogne.,Sainte-Brigitte,Bourogne
Je dois aller de Volksberg à Bellot.,Volksberg,Bellot
Partir de Coadout pour Arsure-Arsurette.,Coadout,Arsure-Arsurette
Voyager de Eygurande à Sadirac est prévu.,Eygurande,Sadirac
Je voudrais me rendre à Harville depuis Noisy-sur-École.,Noisy-sur-École,Harville
Je voudrais me rendre à Sion-les-Mines depuis Brassempouy.,Brassempouy,Sion-les-Mines
Je voudrais me rendre à Les Chalesmes depuis Pierrecourt.,Pierrecourt,Les Chalesmes
Prévois un trajet de Oreilla à Nizerolles.,Oreilla,Nizerolles
Voyager de Romagny Fontenay à Moncontour est prévu.,Romagny Fontenay,Moncontour
Je dois aller de Chérêt à Mus.,Chérêt,Mus
Prévois un trajet de Castéras à Tignieu-Jameyzieu.,Castéras,Tignieu-Jameyzieu
Partir de Haut-Loquin pour Lion-sur-Mer.,Haut-Loquin,Lion-sur-Mer
Je veux aller de Les Vallois à Roches-Bettaincourt.,Les Vallois,Roches-Bettaincourt
Je dois aller de La Rochette à Voharies.,La Rochette,Voharies
Voyager de Moulin-Mage à Sainte-Colombe est prévu.,Moulin-Mage,Sainte-Colombe
Je dois aller de Fontaine-la-Rivière à Plomodiern.,Fontaine-la-Rivière,Plomodiern
Je souhaite voyager de Wavrille vers Orthez.,Wavrille,Orthez
Prévois un trajet de Fontaines-en-Sologne à Moréac.,Fontaines-en-Sologne,Moréac
Je vais me déplacer de Oron à Vahl-lès-Bénestroff.,Oron,Vahl-lès-Bénestroff
Je souhaite voyager de Boisse vers Saint-Sulpice-d'Arnoult.,Boisse,Saint-Sulpice-d'Arnoult
Prévois un trajet de Rouvres à Peyrefitte-sur-l'Hers.,Rouvres,Peyrefitte-sur-l'Hers
Je souhaite voyager de La Roquette-sur-Var vers Leménil-Mitry.,La Roquette-sur-Var,Leménil-Mitry
Je voudrais me rendre à Condé-sur-Vesgre depuis Coulommiers-la-Tour.,Coulommiers-la-Tour,Condé-sur-Vesgre
Je voudrais me rendre à Orthoux-Sérignac-Quilhan depuis Branscourt.,Branscourt,Orthoux-Sérignac-Quilhan
Prévois un trajet de Saint-Hilaire à Cérizols.,Saint-Hilaire,Cérizols
Prévois un trajet de Crozon à Précy-Saint-Martin.,Crozon,Précy-Saint-Martin
Je souhaite voyager de Pouilly-sur-Meuse vers Saint-Bresson.,Pouilly-sur-Meuse,Saint-Bresson
Prévois un trajet de Saint-Siméon à Bannost-Villegagnon.,Saint-Siméon,Bannost-Villegagnon
Je voudrais me rendre à Rouvres-sous-Meilly depuis Estampures.,Estampures,Rouvres-sous-Meilly
Je veux aller de Kani-Kéli à Montmirey-le-Château.,Kani-Kéli,Montmirey-le-Château
Je vais me déplacer de Remoiville à Sorgues.,Remoiville,Sorgues
Prévois un trajet de Courlay à Rety.,Courlay,Rety
Prévois un trajet de Jumel à Woippy.,Jumel,Woippy
Je dois aller de Latour-en-Woëvre à Saint-André-de-la-Roche.,Latour-en-Woëvre,Saint-André-de-la-Roche
Prévois un trajet de Comigne à Angely.,Comigne,Angely
Je dois aller de Amillis à Girac.,Amillis,Girac
Je voudrais me rendre à Jouet-sur-l'Aubois depuis Éclimeux.,Éclimeux,Jouet-sur-l'Aubois
Je dois aller de Prinquiau à Asquins.,Prinquiau,Asquins
Partir de La Folie pour Givrycourt.,La Folie,Givrycourt
Voyager de Reilhaguet à Masseret est prévu.,Reilhaguet,Masseret
Je souhaite voyager de Belvèze-du-Razès vers La Lanterne-et-les-Armonts.,Belvèze-du-Razès,La Lanterne-et-les-Armonts
Voyager de Roissy-en-France à Saint-Sauveur-en-Rue est prévu.,Roissy-en-France,Saint-Sauveur-en-Rue
Je souhaite voyager de Saint-Didier-au-Mont-d'Or vers La Meilleraye-de-Bretagne.,Saint-Didier-au-Mont-d'Or,La Meilleraye-de-Bretagne
Je voudrais me rendre à Mariac depuis Cirey.,Cirey,Mariac
Voyager de Vieux à Cormoz est prévu.,Vieux,Cormoz
Je voudrais me rendre à Dembeni depuis Saxi-Bourdon.,Saxi-Bourdon,Dembeni
Partir de Granace pour Les Salles-sur-Verdon.,Granace,Les Salles-sur-Verdon
Je dois aller de Margny à Mézières-sous-Lavardin.,Margny,Mézières-sous-Lavardin
Je voudrais me rendre à Pussigny depuis Jonchères.,Jonchères,Pussigny
Partir de Herserange pour Vinantes.,Herserange,Vinantes
Je dois aller de Valleroy à La Rue-Saint-Pierre.,Valleroy,La Rue-Saint-Pierre
Je voudrais me rendre à Velennes depuis Cauverville-en-Roumois.,Cauverville-en-Roumois,Velennes
Je souhaite voyager de Montalembert vers Saint-Denis-de-Palin.,Montalembert,Saint-Denis-de-Palin
Je vais me déplacer de Peyret-Saint-André à Saint-Quentin-Fallavier.,Peyret-Saint-André,Saint-Quentin-Fallavier
Je veux aller de Matringhem à Cazedarnes.,Matringhem,Cazedarnes
Je veux aller de Soucé à Soisy-sur-École.,Soucé,Soisy-sur-École
Je veux aller de Coux et Bigaroque-Mouzens à Tignieu-Jameyzieu.,Coux et Bigaroque-Mouzens,Tignieu-Jameyzieu
Je vais me déplacer de Boussenac à Perroy.,Boussenac,Perroy
Partir de La Noë-Blanche pour Py.,La Noë-Blanche,Py
Je voudrais me rendre à Bignicourt-sur-Marne depuis Valoreille.,Valoreille,Bignicourt-sur-Marne
Prévois un trajet de La Bazoche-Gouet à Notre-Dame-de-Livoye.,La Bazoche-Gouet,Notre-Dame-de-Livoye
Je dois aller de Sormonne à Saint Geniez d'Olt et d'Aubrac.,Sormonne,Saint Geniez d'Olt et d'Aubrac
Prévois un trajet de Saint-Chamant à Coudray.,Saint-Chamant,Coudray
Voyager de Saint-Léger-du-Malzieu à Vitrimont est prévu.,Saint-Léger-du-Malzieu,Vitrimont
Je voudrais me rendre à Aniane depuis Lac-des-Rouges-Truites.,Lac-des-Rouges-Truites,Aniane
Prévois un trajet de Le Cloître-Saint-Thégonnec à Croixrault.,Le Cloître-Saint-Thégonnec,Croixrault
Voyager de Uzemain à Couzon est prévu.,Uzemain,Couzon
Je vais me déplacer de Colondannes à Savignac-Mona.,Colondannes,Savignac-Mona
Je voudrais me rendre à Ménétreux-le-Pitois depuis Jaulnay.,Jaulnay,Ménétreux-le-Pitois
Je veux aller de Pommier-de-Beaurepaire à Ydes.,Pommier-de-Beaurepaire,Ydes
Voyager de Saint-Benoît à Saint-Maurice est prévu.,Saint-Benoît,Saint-Maurice
Je souhaite voyager de Poupry vers Éplessier.,Poupry,Éplessier
Je souhaite voyager de Saint-Flour-de-Mercoire vers Miramont-Latour.,Saint-Flour-de-Mercoire,Miramont-Latour
Je veux aller de Aydat à Marsan.,Aydat,Marsan
Partir de Longvic pour Montagna-le-Reconduit.,Longvic,Montagna-le-Reconduit
Je vais me déplacer de Vers à Saint-Soupplets.,Vers,Saint-Soupplets
Je vais me déplacer de Bosc-Édeline à Chasselay.,Bosc-Édeline,Chasselay
Je dois aller de Gisors à Trosly-Breuil.,Gisors,Trosly-Breuil
Je vais me déplacer de Cosnes-et-Romain à Buire-le-Sec.,Cosnes-et-Romain,Buire-le-Sec
Je dois aller de Wittes à Aizier.,Wittes,Aizier
Je voudrais me rendre à Bliesbruck depuis La Motte-Ternant.,La Motte-Ternant,Bliesbruck
Partir de Villars-et-Villenotte pour Montguyon.,Villars-et-Villenotte,Montguyon
Je dois aller de Nivollet-Montgriffon à Vougy.,Nivollet-Montgriffon,Vougy
Partir de Tincey-et-Pontrebeau pour Sallenôves.,Tincey-et-Pontrebeau,Sallenôves
Voyager de Nogent-le-Roi à Franchevelle est prévu.,Nogent-le-Roi,Franchevelle
Je voudrais me rendre à Chorges depuis Saint-Jean-du-Castillonnais.,Saint-Jean-du-Castillonnais,Chorges
Je dois aller de Baincthun à Prugny.,Baincthun,Prugny
Je dois aller de Venzolasca à Beaudricourt.,Venzolasca,Beaudricourt
Je souhaite voyager de Bouxières-sous-Froidmont vers Châteaubourg.,Bouxières-sous-Froidmont,Châteaubourg
Voyager de Vatilieu à Avignon-lès-Saint-Claude est prévu.,Vatilieu,Avignon-lès-Saint-Claude
Je dois aller de Vandières à Sirac.,Vandières,Sirac
Je voudrais me rendre à Landécourt depuis Dampjoux.,Dampjoux,Landécourt
Je voudrais me rendre à Paulx depuis Archigny.,Archigny,Paulx
Je souhaite voyager de Commes vers Rônai.,Commes,Rônai
Je souhaite voyager de Maranville vers Raids.,Maranville,Raids
Voyager de Saint-Rémy à Laneuveville-devant-Bayon est prévu.,Saint-Rémy,Laneuveville-devant-Bayon
Voyager de Loisy-en-Brie à Dung est prévu.,Loisy-en-Brie,Dung
Je souhaite voyager de Louroux-de-Beaune vers Wolschwiller.,Louroux-de-Beaune,Wolschwiller
Je veux aller de Héloup à Napuka.,Héloup,Napuka
Voyager de Cormeilles à Boulaincourt est prévu.,Cormeilles,Boulaincourt
Je souhaite voyager de Captieux vers Saint-Genis-de-Saintonge.,Captieux,Saint-Genis-de-Saintonge
Je dois aller de Le Ployron à Ventiseri.,Le Ployron,Ventiseri
Je veux aller de Courtomer à Fouronnes.,Courtomer,Fouronnes
Je vais me déplacer de Saint-Gand à Tavaux-et-Pontséricourt.,Saint-Gand,Tavaux-et-Pontséricourt
Partir de Diémoz pour Pradettes.,Diémoz,Pradettes
Je souhaite voyager de Contes vers Saint-Lieux-lès-Lavaur.,Contes,Saint-Lieux-lès-Lavaur
Je dois aller de Petit-Tenquin à Tanville.,Petit-Tenquin,Tanville
Partir de Le Causé pour Uzay-le-Venon.,Le Causé,Uzay-le-Venon
Partir de Thil pour Saint-Martin-du-Clocher.,Thil,Saint-Martin-du-Clocher
Je vais me déplacer de Charmoy à Selles-sur-Nahon.,Charmoy,Selles-sur-Nahon
Partir de Leuchey pour Hussigny-Godbrange.,Leuchey,Hussigny-Godbrange
Je vais me déplacer de Rety à Sainte-Marie-de-Ré.,Rety,Sainte-Marie-de-Ré
Voyager de Vauchelles-lès-Authie à Saint-Théodorit est prévu.,Vauchelles-lès-Authie,Saint-Théodorit
Je vais me déplacer de Petit-Bourg à Notre-Dame-du-Parc.,Petit-Bourg,Notre-Dame-du-Parc
Partir de Arrentès-de-Corcieux pour Honguemare-Guenouville.,Arrentès-de-Corcieux,Honguemare-Guenouville
Je dois aller de Gaillac à Ruesnes.,Gaillac,Ruesnes
Prévois un trajet de Marcoussis à Noves.,Marcoussis,Noves
Je vais me déplacer de Compiègne à Pécharic-et-le-Py.,Compiègne,Pécharic-et-le-Py
Partir de Villers-sur-Meuse pour Monceaux-le-Comte.,Villers-sur-Meuse,Monceaux-le-Comte
Je dois aller de Plaine-Haute à Saint-Léger-sur-Roanne.,Plaine-Haute,Saint-Léger-sur-Roanne
Prévois un trajet de Sylvains-Lès-Moulins à Attricourt.,Sylvains-Lès-Moulins,Attricourt
Prévois un trajet de Saint-Jean-aux-Amognes à Marnoz.,Saint-Jean-aux-Amognes,Marnoz
Je souhaite voyager de Château-Renault vers Baudemont.,Château-Renault,Baudemont
Prévois un trajet de Dolancourt à La Chapelle-Biche.,Dolancourt,La Chapelle-Biche
Je veux aller de Château-Renault à Saint-Venant.,Château-Renault,Saint-Venant
Prévois un trajet de Villette à Rosey.,Villette,Rosey
Je voudrais me rendre à Saint-Maixant depuis Jû-Belloc.,Jû-Belloc,Saint-Maixant
Prévois un trajet de Angos à Aube.,Angos,Aube
Je souhaite voyager de Le Ménil-Broût vers Ouagne.,Le Ménil-Broût,Ouagne
Je voudrais me rendre à Cheillé depuis Langon-sur-Cher.,Langon-sur-Cher,Cheillé
Je voudrais me rendre à Vénestanville depuis Sizun.,Sizun,Vénestanville
Je veux aller de Avrigney-Virey à Saint-Avé.,Avrigney-Virey,Saint-Avé
Je dois aller de Saint-Julien à Sainte-Hermine.,Saint-Julien,Sainte-Hermine
Partir de Souvigné-sur-Sarthe pour Petit-Auverné.,Souvigné-sur-Sarthe,Petit-Auverné
Je dois aller de La Roque-Baignard à Rigny-sur-Arroux.,La Roque-Baignard,Rigny-sur-Arroux
Je souhaite voyager de Remomeix vers Erbray.,Remomeix,Erbray
Je souhaite voyager de Domblans vers Haux.,Domblans,Haux
Je voudrais me rendre à Saint-Jean-de-Vaulx depuis Rives.,Rives,Saint-Jean-de-Vaulx
Je veux aller de Lahosse à Saint-Cyr-du-Doret.,Lahosse,Saint-Cyr-du-Doret
Prévois un trajet de Sassangy à Bonneval.,Sassangy,Bonneval
Je veux aller de Servance-Miellin à Abergement-lès-Thésy.,Servance-Miellin,Abergement-lès-Thésy
Je voudrais me rendre à Mannevillette depuis Mesbrecourt-Richecourt.,Mesbrecourt-Richecourt,Mannevillette
Je voudrais me rendre à Briançonnet depuis Acquigny.,Acquigny,Briançonnet
Je veux aller de Hans à Biguglia.,Hans,Biguglia
Je voudrais me rendre à Mirepoix depuis Veyrignac.,Veyrignac,Mirepoix
Je voudrais me rendre à Sainte-Marthe depuis Forges-la-Forêt.,Forges-la-Forêt,Sainte-Marthe
Voyager de Chevroux à Velone-Orneto est prévu.,Chevroux,Velone-Orneto
Voyager de Bassevelle à Sari-Solenzara est prévu.,Bassevelle,Sari-Solenzara
Je voudrais me rendre à Lalacelle depuis Cabrières.,Cabrières,Lalacelle
Prévois un trajet de Genainville à Le Port-Marly.,Genainville,Le Port-Marly
Je souhaite voyager de Le Puy vers Bourg-de-Bigorre.,Le Puy,Bourg-de-Bigorre
Prévois un trajet de Belcastel-et-Buc à Saignes.,Belcastel-et-Buc,Saignes
Je dois aller de Allevard à Barges.,Allevard,Barges
Prévois un trajet de Gémozac à Réveillon.,Gémozac,Réveillon
Je veux aller de Rocles à La Pellerine.,Rocles,La Pellerine
Prévois un trajet de Crécy-sur-Serre à Montmorency-Beaufort.,Crécy-sur-Serre,Montmorency-Beaufort
Partir de Seuillet pour Clessé.,Seuillet,Clessé
Voyager de Cantaing-sur-Escaut à Les Trois-Bassins est prévu.,Cantaing-sur-Escaut,Les Trois-Bassins
Je veux aller de Saint-Hilaire à Épiez-sur-Meuse.,Saint-Hilaire,Épiez-sur-Meuse
Prévois un trajet de Roquepine à Saint-Bauzille-de-la-Sylve.,Roquepine,Saint-Bauzille-de-la-Sylve
Voyager de Kerlaz à Froges est prévu.,Kerlaz,Froges
Partir de Sireix pour Flers.,Sireix,Flers
Je dois aller de Courson-les-Carrières à Chiconi.,Courson-les-Carrières,Chiconi
Je vais me déplacer de Remilly-Aillicourt à Cintrey.,Remilly-Aillicourt,Cintrey
Je souhaite voyager de Mareilles vers Brenouille.,Mareilles,Brenouille
Prévois un trajet de Maisons-lès-Soulaines à Boulay-les-Barres.,Maisons-lès-Soulaines,Boulay-les-Barres
Je dois aller de Nonant-le-Pin à Soubès.,Nonant-le-Pin,Soubès
Voyager de Fontenay-le-Marmion à Escoire est prévu.,Fontenay-le-Marmion,Escoire
Je veux aller de Pamfou à Uvernet-Fours.,Pamfou,Uvernet-Fours
Prévois un trajet de Chapdeuil à Lostroff.,Chapdeuil,Lostroff
Voyager de Vauciennes à Margueray est prévu.,Vauciennes,Margueray
Je dois aller de Farges-lès-Mâcon à Lespéron.,Farges-lès-Mâcon,Lespéron
Je souhaite voyager de Maux vers Saulnes.,Maux,Saulnes
Prévois un trajet de Bégrolles-en-Mauges à Bourg-de-Sirod.,Bégrolles-en-Mauges,Bourg-de-Sirod
Je dois aller de Le Luot à Deaux.,Le Luot,Deaux
Je dois aller de Saint-Christophe-du-Ligneron à Châtel-sur-Moselle.,Saint-Christophe-du-Ligneron,Châtel-sur-Moselle
Je souhaite voyager de La Chapelle-d'Alagnon vers Molsheim.,La Chapelle-d'Alagnon,Molsheim
Je dois aller de Lamonzie-Montastruc à Houdelaincourt.,Lamonzie-Montastruc,Houdelaincourt
Je dois aller de Nabinaud à Bligny.,Nabinaud,Bligny
Prévois un trajet de Burdignes à Pont-Sainte-Marie.,Burdignes,Pont-Sainte-Marie
Partir de Saint-Jory-de-Chalais pour Longchamp.,Saint-Jory-de-Chalais,Longchamp
Je veux aller de Blanzac à Plappeville.,Blanzac,Plappeville
Voyager de Argelès-Bagnères à Villargoix est prévu.,Argelès-Bagnères,Villargoix
Voyager de Rivery à Lachelle est prévu.,Rivery,Lachelle
Prévois un trajet de Vraux à Esternay.,Vraux,Esternay
Je voudrais me rendre à Barbaste depuis Ponthion.,Ponthion,Barbaste
Je voudrais me rendre à Puyol-Cazalet depuis Martainneville.,Martainneville,Puyol-Cazalet
Je dois aller de Tramecourt à Servas.,Tramecourt,Servas
Je veux aller de Machecoul-Saint-Même à Épenouse.,Machecoul-Saint-Même,Épenouse
Je vais me déplacer de Bonneville à Adon.,Bonneville,Adon
Je voudrais me rendre à Jaméricourt depuis Unias.,Unias,Jaméricourt
Je souhaite voyager de Montamel vers Ploëzal.,Montamel,Ploëzal
Je voudrais me rendre à Servon-sur-Vilaine depuis Villettes.,Villettes,Servon-sur-Vilaine
Je souhaite voyager de Antony vers Mornay.,Antony,Mornay
Prévois un trajet de Vimines à Bourdeau.,Vimines,Bourdeau
Je souhaite voyager de Estivareilles vers Bellefontaine.,Estivareilles,Bellefontaine
Prévois un trajet de Haute-Vigneulles à Sarrians.,Haute-Vigneulles,Sarrians
Prévois un trajet de Autheux à Halles-sous-les-Côtes.,Autheux,Halles-sous-les-Côtes
Je vais me déplacer de Amigny à Lacajunte.,Amigny,Lacajunte
Prévois un trajet de Fontenay-près-Chablis à Martignargues.,Fontenay-près-Chablis,Martignargues
Partir de Jaillans pour La Terrasse.,Jaillans,La Terrasse
Je vais me déplacer de Bénévent-l'Abbaye à Bertangles.,Bénévent-l'Abbaye,Bertangles
Voyager de Auxant à Landigou est prévu.,Auxant,Landigou
Partir de Estibeaux pour Houvin-Houvigneul.,Estibeaux,Houvin-Houvigneul
Voyager de Dzaoudzi à Vielle-Tursan est prévu.,Dzaoudzi,Vielle-Tursan
Partir de Magnicourt-sur-Canche pour Mont-Laurent.,Magnicourt-sur-Canche,Mont-Laurent
Prévois un trajet de Sernhac à Fourques.,Sernhac,Fourques
Je dois aller de Villers-lès-Mangiennes à Saint-Denis-en-Bugey.,Villers-lès-Mangiennes,Saint-Denis-en-Bugey
Je souhaite voyager de Coulonges vers Sainte-Paule.,Coulonges,Sainte-Paule
Je vais me déplacer de Fussy à Chauchailles.,Fussy,Chauchailles
Je souhaite voyager de Saint-Lambert-et-Mont-de-Jeux vers Villez-sur-le-Neubourg.,Saint-Lambert-et-Mont-de-Jeux,Villez-sur-le-Neubourg
Je voudrais me rendre à Roches depuis Denezières.,Denezières,Roches
Je souhaite voyager de Phalsbourg vers Bareilles.,Phalsbourg,Bareilles
Partir de Mareau-aux-Prés pour Châtenay.,Mareau-aux-Prés,Châtenay
Je souhaite voyager de Le Fréty vers Villers-Vermont.,Le Fréty,Villers-Vermont
Voyager de Fourchambault à Canale-di-Verde est prévu.,Fourchambault,Canale-di-Verde
Prévois un trajet de Sommières à La Chapelle-aux-Chasses.,Sommières,La Chapelle-aux-Chasses
Je veux aller de Villiers-le-Duc à Allamps.,Villiers-le-Duc,Allamps
Je voudrais me rendre à Étinehem-Méricourt depuis Montlevicq.,Montlevicq,Étinehem-Méricourt
Je voudrais me rendre à Dureil depuis Itancourt.,Itancourt,Dureil
Prévois un trajet de Gigondas à Bouquemont.,Gigondas,Bouquemont
Je voudrais me rendre à Saint-Seine-l'Abbaye depuis Cabris.,Cabris,Saint-Seine-l'Abbaye
Je voudrais me rendre à Montjustin depuis Boisbreteau.,Boisbreteau,Montjustin
Je veux aller de Reffuveille à Montagnac-sur-Auvignon.,Reffuveille,Montagnac-sur-Auvignon
Voyager de Gorhey à Clermont-Ferrand est prévu.,Gorhey,Clermont-Ferrand
Je dois aller de Bosdarros à Tramont-Lassus.,Bosdarros,Tramont-Lassus
Je dois aller de Traize à Florentin.,Traize,Florentin
Je dois aller de Luzillé à Nicey.,Luzillé,Nicey
Partir de L'Hospitalet pour Lamanon.,L'Hospitalet,Lamanon
Je dois aller de Palleau à Linards.,Palleau,Linards
Voyager de Cavan à Estourmel est prévu.,Cavan,Estourmel
Je vais me déplacer de Montflours à Milizac-Guipronvel.,Montflours,Milizac-Guipronvel
Voyager de Marmagne à Trébons est prévu.,Marmagne,Trébons
Je veux aller de Saint-Gilles-de-Crétot à Laveline-devant-Bruyères.,Saint-Gilles-de-Crétot,Laveline-devant-Bruyères
Prévois un trajet de Tirent-Pontéjac à Sérignan-du-Comtat.,Tirent-Pontéjac,Sérignan-du-Comtat
Voyager de Saint-Créac à Pailhès est prévu.,Saint-Créac,Pailhès
Je dois aller de Travaillan à Mascaras.,Travaillan,Mascaras
Je dois aller de Warvillers à Cheignieu-la-Balme.,Warvillers,Cheignieu-la-Balme
Je veux aller de Ercourt à Servanches.,Ercourt,Servanches
Je voudrais me rendre à Bonnières depuis Villeneuve-les-Corbières.,Villeneuve-les-Corbières,Bonnières
Je veux aller de Gourlizon à Simplé.,Gourlizon,Simplé
Je souhaite voyager de Saffres vers Courçon.,Saffres,Courçon
Je voudrais me rendre à Monthion depuis Bourail.,Bourail,Monthion
Je veux aller de Ormes à Aucun.,Ormes,Aucun
Je voudrais me rendre à L'Étang-Vergy depuis Sansais.,Sansais,L'Étang-Vergy
Je veux aller de Fretigney-et-Velloreille à Pommier.,Fretigney-et-Velloreille,Pommier
Partir de Saint-Remèze pour Lierval.,Saint-Remèze,Lierval
Je veux aller de Champ-Dolent à Loyat.,Champ-Dolent,Loyat
Partir de Chessy-les-Prés pour Lacombe.,Chessy-les-Prés,Lacombe
Je souhaite voyager de Selommes vers Rieupeyroux.,Selommes,Rieupeyroux
Je voudrais me rendre à Cenans depuis Montchamp.,Montchamp,Cenans
Je veux aller de La Chaise à Chanos-Curson.,La Chaise,Chanos-Curson
Je souhaite voyager de Le Chaffaut-Saint-Jurson vers Brancourt-le-Grand.,Le Chaffaut-Saint-Jurson,Brancourt-le-Grand
Partir de Vers-sous-Sellières pour Épénancourt.,Vers-sous-Sellières,Épénancourt
Voyager de Saint-Mamert-du-Gard à Chassey est prévu.,Saint-Mamert-du-Gard,Chassey
Voyager de Saint-Julien-la-Geneste à Larchamp est prévu.,Saint-Julien-la-Geneste,Larchamp
Je voudrais me rendre à Lacabarède depuis Anthy-sur-Léman.,Anthy-sur-Léman,Lacabarède
Je voudrais me rendre à Champagnolles depuis Grigny.,Grigny,Champagnolles
Prévois un trajet de Sornay à Saint-Péreuse.,Sornay,Saint-Péreuse
Voyager de Asnières-sur-Blour à Prévelles est prévu.,Asnières-sur-Blour,Prévelles
Je voudrais me rendre à Saint-Caprais depuis Chameyrat.,Chameyrat,Saint-Caprais
Je veux aller de Le Boullay-les-Deux-Églises à Prissac.,Le Boullay-les-Deux-Églises,Prissac
Je veux aller de Saint-Valery-en-Caux à Hulluch.,Saint-Valery-en-Caux,Hulluch
Prévois un trajet de Drémil-Lafage à Avignon-lès-Saint-Claude.,Drémil-Lafage,Avignon-lès-Saint-Claude
Voyager de Ébréon à Tavera est prévu.,Ébréon,Tavera
Je dois aller de Charmois-devant-Bruyères à Illifaut.,Charmois-devant-Bruyères,Illifaut
Je souhaite voyager de Ranville vers Ville.,Ranville,Ville
Voyager de Courbiac à Batilly-en-Gâtinais est prévu.,Courbiac,Batilly-en-Gâtinais
Je voudrais me rendre à Audelange depuis Champis.,Champis,Audelange
Je souhaite voyager de Le Chaffal vers Vélieux.,Le Chaffal,Vélieux
Je veux aller de Merviller à Auguaise.,Merviller,Auguaise
Je dois aller de M'Tsangamouji à Breux.,M'Tsangamouji,Breux
Je veux aller de Rosières à Pringy.,Rosières,Pringy
Voyager de Herblay-sur-Seine à Castelsagrat est prévu.,Herblay-sur-Seine,Castelsagrat
Je dois aller de Chêne-en-Semine à Prades-Salars.,Chêne-en-Semine,Prades-Salars
Je dois aller de Mesnil-Domqueur à Bazoches-en-Dunois.,Mesnil-Domqueur,Bazoches-en-Dunois
Je voudrais me rendre à Asnières-sous-Bois depuis Orsonville.,Orsonville,Asnières-sous-Bois
Je dois aller de Figarol à La Martre.,Figarol,La Martre
Je voudrais me rendre à Meslan depuis Ners.,Ners,Meslan
Je souhaite voyager de Taulé vers Conteville-en-Ternois.,Taulé,Conteville-en-Ternois
Je dois aller de Pallud à Domeyrat.,Pallud,Domeyrat
Voyager de Festigny à Grainville-Langannerie est prévu.,Festigny,Grainville-Langannerie
Je voudrais me rendre à Mazères depuis Pommard.,Pommard,Mazères
Voyager de Marsac à Yssac-la-Tourette est prévu.,Marsac,Yssac-la-Tourette
Voyager de Cuy-Saint-Fiacre à Prévillers est prévu.,Cuy-Saint-Fiacre,Prévillers
Je vais me déplacer de Taulignan à Villespassans.,Taulignan,Villespassans
Je voudrais me rendre à Lamarche-sur-Saône depuis Pradelles-Cabardès.,Pradelles-Cabardès,Lamarche-sur-Saône
Partir de Saillenard pour Commercy.,Saillenard,Commercy
Prévois un trajet de Sarzay à Maidières.,Sarzay,Maidières
Je dois aller de Ommeray à Dommartemont.,Ommeray,Dommartemont
Je vais me déplacer de Blanzy à Louhans.,Blanzy,Louhans
Partir de Eglingen pour Bazoges-en-Pareds.,Eglingen,Bazoges-en-Pareds
Partir de Vesaignes-sur-Marne pour Saint-Nicolas-du-Pélem.,Vesaignes-sur-Marne,Saint-Nicolas-du-Pélem
Je voudrais me rendre à Villers-Semeuse depuis Montigny-en-Morvan.,Montigny-en-Morvan,Villers-Semeuse
Voyager de Locmaria à Alata est prévu.,Locmaria,Alata
Je voudrais me rendre à Aufferville depuis Massat.,Massat,Aufferville
Je souhaite voyager de Dun-sur-Meuse vers Malemort-du-Comtat.,Dun-sur-Meuse,Malemort-du-Comtat
Je souhaite voyager de Ouffières vers Domecy-sur-Cure.,Ouffières,Domecy-sur-Cure
Je voudrais me rendre à Valserhône depuis La Barthe-de-Neste.,La Barthe-de-Neste,Valserhône
Voyager de Auribeau-sur-Siagne à Marigny est prévu.,Auribeau-sur-Siagne,Marigny
Partir de Mauvezin pour Blanzée.,Mauvezin,Blanzée
Je dois aller de Le Rialet à Beauregard-l'Évêque.,Le Rialet,Beauregard-l'Évêque
Voyager de Wasserbourg à Saint-Pey-d'Armens est prévu.,Wasserbourg,Saint-Pey-d'Armens
Partir de Marast pour Herserange.,Marast,Herserange
Je dois aller de Marcy à Miannay.,Marcy,Miannay
Je souhaite voyager de Périers vers Achères.,Périers,Achères
Voyager de Chaillon à Saint-Jodard est prévu.,Chaillon,Saint-Jodard
Prévois un trajet de Magnivray à Issirac.,Magnivray,Issirac
Je dois aller de Saint-Martin-Lacaussade à Cogny.,Saint-Martin-Lacaussade,Cogny
Je voudrais me rendre à Escolives-Sainte-Camille depuis Saint-Arnac.,Saint-Arnac,Escolives-Sainte-Camille
Voyager de Saint-Geyrac à Campagnan est prévu.,Saint-Geyrac,Campagnan
Voyager de Lamoura à Eteimbes est prévu.,Lamoura,Eteimbes
Je souhaite voyager de Hurtières vers Saint-Fons.,Hurtières,Saint-Fons
Je dois aller de Aspret-Sarrat à Badecon-le-Pin.,Aspret-Sarrat,Badecon-le-Pin
Je souhaite voyager de Voissay vers Douriez.,Voissay,Douriez
Je dois aller de Saint-Seurin-de-Bourg à Drancy.,Saint-Seurin-de-Bourg,Drancy
Je dois aller de Bernay-Saint-Martin à Cauna.,Bernay-Saint-Martin,Cauna
Je voudrais me rendre à Saint-Servais depuis Saint-Gervais-les-Trois-Clochers.,Saint-Gervais-les-Trois-Clochers,Saint-Servais
Voyager de Baron à Dourlers est prévu.,Baron,Dourlers
Prévois un trajet de Saint-Louis à Lozinghem.,Saint-Louis,Lozinghem
Je voudrais me rendre à Corbières-en-Provence depuis Ardeuil-et-Montfauxelles.,Ardeuil-et-Montfauxelles,Corbières-en-Provence
Je voudrais me rendre à Saint-Mariens depuis Vairé.,Vairé,Saint-Mariens
Je dois aller de Soyons à Albepierre-Bredons.,Soyons,Albepierre-Bredons
Je voudrais me rendre à La Môle depuis Saint-Laurent-d'Olt.,Saint-Laurent-d'Olt,La Môle
Je dois aller de Auxange à Auberive.,Auxange,Auberive
Je souhaite voyager de Abzac vers Sarraméa.,Abzac,Sarraméa
Voyager de Saint-Pierre-des-Ifs à Savarthès est prévu.,Saint-Pierre-des-Ifs,Savarthès
Partir de Condéon pour Pizieux.,Condéon,Pizieux
Je vais me déplacer de Boulzicourt à Alliancelles.,Boulzicourt,Alliancelles
Je souhaite voyager de Bivès vers Terrats.,Bivès,Terrats
Je souhaite voyager de Carnetin vers Savennes.,Carnetin,Savennes
Partir de Lodève pour Arthémonay.,Lodève,Arthémonay
Je vais me déplacer de Choux à Uriménil.,Choux,Uriménil
Je veux aller de Saint-Marcel à Montagney-Servigney.,Saint-Marcel,Montagney-Servigney
Je vais me déplacer de Torfou à Lahaymeix.,Torfou,Lahaymeix
Je vais me déplacer de Valeille à Bougarber.,Valeille,Bougarber
Je dois aller de Lissac à La Collancelle.,Lissac,La Collancelle
Je dois aller de Olmeto à Saint-Pierre-de-Méaroz.,Olmeto,Saint-Pierre-de-Méaroz
Voyager de Courbouzon à Hénouville est prévu.,Courbouzon,Hénouville
Partir de Arraye-et-Han pour Campagnac-lès-Quercy.,Arraye-et-Han,Campagnac-lès-Quercy
Je dois aller de Junay à Treuzy-Levelay.,Junay,Treuzy-Levelay
Je vais me déplacer de Sauveterre-de-Guyenne à Wambercourt.,Sauveterre-de-Guyenne,Wambercourt
Voyager de Lœuilley à Sillegny est prévu.,Lœuilley,Sillegny
Je voudrais me rendre à Colombier depuis Foussais-Payré.,Foussais-Payré,Colombier
Je vais me déplacer de La Rouvière à Benfeld.,La Rouvière,Benfeld
Je vais me déplacer de Brie-sous-Matha à Larbont.,Brie-sous-Matha,Larbont
Je dois aller de Loué à Domfront.,Loué,Domfront
Je vais me déplacer de Lanches-Saint-Hilaire à Chens-sur-Léman.,Lanches-Saint-Hilaire,Chens-sur-Léman
Je voudrais me rendre à Saint-Augustin-des-Bois depuis Gurat.,Gurat,Saint-Augustin-des-Bois
Voyager de Couvonges à Chauny est prévu.,Couvonges,Chauny
Partir de Saint-Jacques pour Auroux.,Saint-Jacques,Auroux
Partir de Molain pour Marquette-en-Ostrevant.,Molain,Marquette-en-Ostrevant
Prévois un trajet de Carennac à Logonna-Daoulas.,Carennac,Logonna-Daoulas
Je vais me déplacer de Cormery à Créchy.,Cormery,Créchy
Je souhaite voyager de Dominois vers Famars.,Dominois,Famars
Je veux aller de Noisy-le-Roi à Neufgrange.,Noisy-le-Roi,Neufgrange
Je souhaite voyager de Cricqueville-en-Bessin vers Fréteval.,Cricqueville-en-Bessin,Fréteval
Voyager de Blancafort à Labosse est prévu.,Blancafort,Labosse
Je veux aller de Ozenay à Villeneuve.,Ozenay,Villeneuve
